game_id,experiment,language,rep,seed,persona_set,persona_seats,memory_mode,opponent_profile,framing,risk_framing,show_computed_totals,n_players,endowment,contribution_options,target,risk_probability,n_rounds_is_known,max_rounds,played_rounds,agents_communicate,group_contributions,pot_cumulative,group_total,target_reached,catastrophe,mean_payoff,n_parse_failures,agent1_name,agent1_llm,agent1_personality,agent1_knows_opponent_with_prob,agent1_strategies,agent1_scores,agent1_messages,agent1_payoff,agent1_parse_failures,agent2_name,agent2_llm,agent2_personality,agent2_knows_opponent_with_prob,agent2_strategies,agent2_scores,agent2_messages,agent2_payoff,agent2_parse_failures,agent3_name,agent3_llm,agent3_personality,agent3_knows_opponent_with_prob,agent3_strategies,agent3_scores,agent3_messages,agent3_payoff,agent3_parse_failures,agent4_name,agent4_llm,agent4_personality,agent4_knows_opponent_with_prob,agent4_strategies,agent4_scores,agent4_messages,agent4_payoff,agent4_parse_failures,agent5_name,agent5_llm,agent5_personality,agent5_knows_opponent_with_prob,agent5_strategies,agent5_scores,agent5_messages,agent5_payoff,agent5_parse_failures,agent6_name,agent6_llm,agent6_personality,agent6_knows_opponent_with_prob,agent6_strategies,agent6_scores,agent6_messages,agent6_payoff,agent6_parse_failures
crsd_milinski_low_risk_seats-L44444-7d98d6f5__qwen-qwen3-235b-a22b-instruct-2507__en__rep0,exp_bestresponse_carry,en,0,12345,personas_default,NNNNNN,full_history,,0,lottery,0,6,40.0,"[0, 2, 4]",120.0,0.1,True,10,10,False,"[22, 22, 22, 22, 22, 22, 22, 24, 24, 20]","[22, 44, 66, 88, 110, 132, 154, 178, 202, 222]",222.0,1,0,3.0,0,Player_1,qwen-qwen3-235b-a22b-instruct-2507,neutral,0,"[2, 2, 2, 2, 2, 2, 2, 4, 4, 0]","[38, 36, 34, 32, 30, 28, 26, 22, 18, 18]",[],18.0,0,Player_2,scripted:always_4,neutral,0,"[4, 4, 4, 4, 4, 4, 4, 4, 4, 4]","[36, 32, 28, 24, 20, 16, 12, 8, 4, 0]",[],0.0,0,Player_3,scripted:always_4,neutral,0,"[4, 4, 4, 4, 4, 4, 4, 4, 4, 4]","[36, 32, 28, 24, 20, 16, 12, 8, 4, 0]",[],0.0,0,Player_4,scripted:always_4,neutral,0,"[4, 4, 4, 4, 4, 4, 4, 4, 4, 4]","[36, 32, 28, 24, 20, 16, 12, 8, 4, 0]",[],0.0,0,Player_5,scripted:always_4,neutral,0,"[4, 4, 4, 4, 4, 4, 4, 4, 4, 4]","[36, 32, 28, 24, 20, 16, 12, 8, 4, 0]",[],0.0,0,Player_6,scripted:always_4,neutral,0,"[4, 4, 4, 4, 4, 4, 4, 4, 4, 4]","[36, 32, 28, 24, 20, 16, 12, 8, 4, 0]",[],0.0,0
crsd_milinski_low_risk_seats-L44444-7d98d6f5__qwen-qwen3-235b-a22b-instruct-2507__en__rep1,exp_bestresponse_carry,en,1,12346,personas_default,NNNNNN,full_history,,0,lottery,0,6,40.0,"[0, 2, 4]",120.0,0.1,True,10,10,False,"[22, 22, 22, 22, 22, 22, 24, 24, 24, 20]","[22, 44, 66, 88, 110, 132, 156, 180, 204, 224]",224.0,1,0,2.6666666666666665,0,Player_1,qwen-qwen3-235b-a22b-instruct-2507,neutral,0,"[2, 2, 2, 2, 2, 2, 4, 4, 4, 0]","[38, 36, 34, 32, 30, 28, 24, 20, 16, 16]",[],16.0,0,Player_2,scripted:always_4,neutral,0,"[4, 4, 4, 4, 4, 4, 4, 4, 4, 4]","[36, 32, 28, 24, 20, 16, 12, 8, 4, 0]",[],0.0,0,Player_3,scripted:always_4,neutral,0,"[4, 4, 4, 4, 4, 4, 4, 4, 4, 4]","[36, 32, 28, 24, 20, 16, 12, 8, 4, 0]",[],0.0,0,Player_4,scripted:always_4,neutral,0,"[4, 4, 4, 4, 4, 4, 4, 4, 4, 4]","[36, 32, 28, 24, 20, 16, 12, 8, 4, 0]",[],0.0,0,Player_5,scripted:always_4,neutral,0,"[4, 4, 4, 4, 4, 4, 4, 4, 4, 4]","[36, 32, 28, 24, 20, 16, 12, 8, 4, 0]",[],0.0,0,Player_6,scripted:always_4,neutral,0,"[4, 4, 4, 4, 4, 4, 4, 4, 4, 4]","[36, 32, 28, 24, 20, 16, 12, 8, 4, 0]",[],0.0,0
crsd_milinski_low_risk_seats-L44444-7d98d6f5__qwen-qwen3-235b-a22b-instruct-2507__en__rep2,exp_bestresponse_carry,en,2,12347,personas_default,NNNNNN,full_history,,0,lottery,0,6,40.0,"[0, 2, 4]",120.0,0.1,True,10,10,False,"[22, 22, 22, 22, 22, 22, 24, 24, 24, 20]","[22, 44, 66, 88, 110, 132, 156, 180, 204, 224]",224.0,1,0,2.6666666666666665,0,Player_1,qwen-qwen3-235b-a22b-instruct-2507,neutral,0,"[2, 2, 2, 2, 2, 2, 4, 4, 4, 0]","[38, 36, 34, 32, 30, 28, 24, 20, 16, 16]",[],16.0,0,Player_2,scripted:always_4,neutral,0,"[4, 4, 4, 4, 4, 4, 4, 4, 4, 4]","[36, 32, 28, 24, 20, 16, 12, 8, 4, 0]",[],0.0,0,Player_3,scripted:always_4,neutral,0,"[4, 4, 4, 4, 4, 4, 4, 4, 4, 4]","[36, 32, 28, 24, 20, 16, 12, 8, 4, 0]",[],0.0,0,Player_4,scripted:always_4,neutral,0,"[4, 4, 4, 4, 4, 4, 4, 4, 4, 4]","[36, 32, 28, 24, 20, 16, 12, 8, 4, 0]",[],0.0,0,Player_5,scripted:always_4,neutral,0,"[4, 4, 4, 4, 4, 4, 4, 4, 4, 4]","[36, 32, 28, 24, 20, 16, 12, 8, 4, 0]",[],0.0,0,Player_6,scripted:always_4,neutral,0,"[4, 4, 4, 4, 4, 4, 4, 4, 4, 4]","[36, 32, 28, 24, 20, 16, 12, 8, 4, 0]",[],0.0,0
crsd_milinski_low_risk_seats-L44444-7d98d6f5__qwen-qwen3-235b-a22b-instruct-2507__en__rep3,exp_bestresponse_carry,en,3,12348,personas_default,NNNNNN,full_history,,0,lottery,0,6,40.0,"[0, 2, 4]",120.0,0.1,True,10,10,False,"[22, 22, 22, 22, 22, 22, 22, 24, 24, 20]","[22, 44, 66, 88, 110, 132, 154, 178, 202, 222]",222.0,1,0,3.0,0,Player_1,qwen-qwen3-235b-a22b-instruct-2507,neutral,0,"[2, 2, 2, 2, 2, 2, 2, 4, 4, 0]","[38, 36, 34, 32, 30, 28, 26, 22, 18, 18]",[],18.0,0,Player_2,scripted:always_4,neutral,0,"[4, 4, 4, 4, 4, 4, 4, 4, 4, 4]","[36, 32, 28, 24, 20, 16, 12, 8, 4, 0]",[],0.0,0,Player_3,scripted:always_4,neutral,0,"[4, 4, 4, 4, 4, 4, 4, 4, 4, 4]","[36, 32, 28, 24, 20, 16, 12, 8, 4, 0]",[],0.0,0,Player_4,scripted:always_4,neutral,0,"[4, 4, 4, 4, 4, 4, 4, 4, 4, 4]","[36, 32, 28, 24, 20, 16, 12, 8, 4, 0]",[],0.0,0,Player_5,scripted:always_4,neutral,0,"[4, 4, 4, 4, 4, 4, 4, 4, 4, 4]","[36, 32, 28, 24, 20, 16, 12, 8, 4, 0]",[],0.0,0,Player_6,scripted:always_4,neutral,0,"[4, 4, 4, 4, 4, 4, 4, 4, 4, 4]","[36, 32, 28, 24, 20, 16, 12, 8, 4, 0]",[],0.0,0
crsd_milinski_low_risk_seats-L44444-7d98d6f5__qwen-qwen3-235b-a22b-instruct-2507__en__rep4,exp_bestresponse_carry,en,4,12349,personas_default,NNNNNN,full_history,,0,lottery,0,6,40.0,"[0, 2, 4]",120.0,0.1,True,10,10,False,"[22, 22, 22, 22, 22, 22, 22, 24, 22, 20]","[22, 44, 66, 88, 110, 132, 154, 178, 200, 220]",220.0,1,0,3.3333333333333335,0,Player_1,qwen-qwen3-235b-a22b-instruct-2507,neutral,0,"[2, 2, 2, 2, 2, 2, 2, 4, 2, 0]","[38, 36, 34, 32, 30, 28, 26, 22, 20, 20]",[],20.0,0,Player_2,scripted:always_4,neutral,0,"[4, 4, 4, 4, 4, 4, 4, 4, 4, 4]","[36, 32, 28, 24, 20, 16, 12, 8, 4, 0]",[],0.0,0,Player_3,scripted:always_4,neutral,0,"[4, 4, 4, 4, 4, 4, 4, 4, 4, 4]","[36, 32, 28, 24, 20, 16, 12, 8, 4, 0]",[],0.0,0,Player_4,scripted:always_4,neutral,0,"[4, 4, 4, 4, 4, 4, 4, 4, 4, 4]","[36, 32, 28, 24, 20, 16, 12, 8, 4, 0]",[],0.0,0,Player_5,scripted:always_4,neutral,0,"[4, 4, 4, 4, 4, 4, 4, 4, 4, 4]","[36, 32, 28, 24, 20, 16, 12, 8, 4, 0]",[],0.0,0,Player_6,scripted:always_4,neutral,0,"[4, 4, 4, 4, 4, 4, 4, 4, 4, 4]","[36, 32, 28, 24, 20, 16, 12, 8, 4, 0]",[],0.0,0
crsd_milinski_low_risk_seats-L44444-7d98d6f5__qwen-qwen3-235b-a22b-instruct-2507__en__rep5,exp_bestresponse_carry,en,5,12350,personas_default,NNNNNN,full_history,,0,lottery,0,6,40.0,"[0, 2, 4]",120.0,0.1,True,10,10,False,"[22, 22, 22, 22, 22, 22, 22, 24, 24, 20]","[22, 44, 66, 88, 110, 132, 154, 178, 202, 222]",222.0,1,0,3.0,0,Player_1,qwen-qwen3-235b-a22b-instruct-2507,neutral,0,"[2, 2, 2, 2, 2, 2, 2, 4, 4, 0]","[38, 36, 34, 32, 30, 28, 26, 22, 18, 18]",[],18.0,0,Player_2,scripted:always_4,neutral,0,"[4, 4, 4, 4, 4, 4, 4, 4, 4, 4]","[36, 32, 28, 24, 20, 16, 12, 8, 4, 0]",[],0.0,0,Player_3,scripted:always_4,neutral,0,"[4, 4, 4, 4, 4, 4, 4, 4, 4, 4]","[36, 32, 28, 24, 20, 16, 12, 8, 4, 0]",[],0.0,0,Player_4,scripted:always_4,neutral,0,"[4, 4, 4, 4, 4, 4, 4, 4, 4, 4]","[36, 32, 28, 24, 20, 16, 12, 8, 4, 0]",[],0.0,0,Player_5,scripted:always_4,neutral,0,"[4, 4, 4, 4, 4, 4, 4, 4, 4, 4]","[36, 32, 28, 24, 20, 16, 12, 8, 4, 0]",[],0.0,0,Player_6,scripted:always_4,neutral,0,"[4, 4, 4, 4, 4, 4, 4, 4, 4, 4]","[36, 32, 28, 24, 20, 16, 12, 8, 4, 0]",[],0.0,0
crsd_milinski_low_risk_seats-L44444-7d98d6f5__qwen-qwen3-235b-a22b-instruct-2507__en__rep6,exp_bestresponse_carry,en,6,12351,personas_default,NNNNNN,full_history,,0,lottery,0,6,40.0,"[0, 2, 4]",120.0,0.1,True,10,10,False,"[22, 22, 22, 22, 22, 22, 22, 22, 24, 20]","[22, 44, 66, 88, 110, 132, 154, 176, 200, 220]",220.0,1,0,3.3333333333333335,0,Player_1,qwen-qwen3-235b-a22b-instruct-2507,neutral,0,"[2, 2, 2, 2, 2, 2, 2, 2, 4, 0]","[38, 36, 34, 32, 30, 28, 26, 24, 20, 20]",[],20.0,0,Player_2,scripted:always_4,neutral,0,"[4, 4, 4, 4, 4, 4, 4, 4, 4, 4]","[36, 32, 28, 24, 20, 16, 12, 8, 4, 0]",[],0.0,0,Player_3,scripted:always_4,neutral,0,"[4, 4, 4, 4, 4, 4, 4, 4, 4, 4]","[36, 32, 28, 24, 20, 16, 12, 8, 4, 0]",[],0.0,0,Player_4,scripted:always_4,neutral,0,"[4, 4, 4, 4, 4, 4, 4, 4, 4, 4]","[36, 32, 28, 24, 20, 16, 12, 8, 4, 0]",[],0.0,0,Player_5,scripted:always_4,neutral,0,"[4, 4, 4, 4, 4, 4, 4, 4, 4, 4]","[36, 32, 28, 24, 20, 16, 12, 8, 4, 0]",[],0.0,0,Player_6,scripted:always_4,neutral,0,"[4, 4, 4, 4, 4, 4, 4, 4, 4, 4]","[36, 32, 28, 24, 20, 16, 12, 8, 4, 0]",[],0.0,0
crsd_milinski_low_risk_seats-L44444-7d98d6f5__qwen-qwen3-235b-a22b-instruct-2507__en__rep7,exp_bestresponse_carry,en,7,12352,personas_default,NNNNNN,full_history,,0,lottery,0,6,40.0,"[0, 2, 4]",120.0,0.1,True,10,10,False,"[22, 22, 22, 22, 22, 22, 22, 22, 24, 20]","[22, 44, 66, 88, 110, 132, 154, 176, 200, 220]",220.0,1,0,3.3333333333333335,0,Player_1,qwen-qwen3-235b-a22b-instruct-2507,neutral,0,"[2, 2, 2, 2, 2, 2, 2, 2, 4, 0]","[38, 36, 34, 32, 30, 28, 26, 24, 20, 20]",[],20.0,0,Player_2,scripted:always_4,neutral,0,"[4, 4, 4, 4, 4, 4, 4, 4, 4, 4]","[36, 32, 28, 24, 20, 16, 12, 8, 4, 0]",[],0.0,0,Player_3,scripted:always_4,neutral,0,"[4, 4, 4, 4, 4, 4, 4, 4, 4, 4]","[36, 32, 28, 24, 20, 16, 12, 8, 4, 0]",[],0.0,0,Player_4,scripted:always_4,neutral,0,"[4, 4, 4, 4, 4, 4, 4, 4, 4, 4]","[36, 32, 28, 24, 20, 16, 12, 8, 4, 0]",[],0.0,0,Player_5,scripted:always_4,neutral,0,"[4, 4, 4, 4, 4, 4, 4, 4, 4, 4]","[36, 32, 28, 24, 20, 16, 12, 8, 4, 0]",[],0.0,0,Player_6,scripted:always_4,neutral,0,"[4, 4, 4, 4, 4, 4, 4, 4, 4, 4]","[36, 32, 28, 24, 20, 16, 12, 8, 4, 0]",[],0.0,0
crsd_milinski_low_risk_seats-L44444-7d98d6f5__qwen-qwen3-235b-a22b-instruct-2507__en__rep8,exp_bestresponse_carry,en,8,12353,personas_default,NNNNNN,full_history,,0,lottery,0,6,40.0,"[0, 2, 4]",120.0,0.1,True,10,10,False,"[22, 22, 22, 22, 22, 22, 22, 24, 22, 20]","[22, 44, 66, 88, 110, 132, 154, 178, 200, 220]",220.0,1,0,3.3333333333333335,0,Player_1,qwen-qwen3-235b-a22b-instruct-2507,neutral,0,"[2, 2, 2, 2, 2, 2, 2, 4, 2, 0]","[38, 36, 34, 32, 30, 28, 26, 22, 20, 20]",[],20.0,0,Player_2,scripted:always_4,neutral,0,"[4, 4, 4, 4, 4, 4, 4, 4, 4, 4]","[36, 32, 28, 24, 20, 16, 12, 8, 4, 0]",[],0.0,0,Player_3,scripted:always_4,neutral,0,"[4, 4, 4, 4, 4, 4, 4, 4, 4, 4]","[36, 32, 28, 24, 20, 16, 12, 8, 4, 0]",[],0.0,0,Player_4,scripted:always_4,neutral,0,"[4, 4, 4, 4, 4, 4, 4, 4, 4, 4]","[36, 32, 28, 24, 20, 16, 12, 8, 4, 0]",[],0.0,0,Player_5,scripted:always_4,neutral,0,"[4, 4, 4, 4, 4, 4, 4, 4, 4, 4]","[36, 32, 28, 24, 20, 16, 12, 8, 4, 0]",[],0.0,0,Player_6,scripted:always_4,neutral,0,"[4, 4, 4, 4, 4, 4, 4, 4, 4, 4]","[36, 32, 28, 24, 20, 16, 12, 8, 4, 0]",[],0.0,0
crsd_milinski_low_risk_seats-L44444-7d98d6f5__qwen-qwen3-235b-a22b-instruct-2507__en__rep9,exp_bestresponse_carry,en,9,12354,personas_default,NNNNNN,full_history,,0,lottery,0,6,40.0,"[0, 2, 4]",120.0,0.1,True,10,10,False,"[22, 22, 22, 22, 22, 22, 24, 24, 24, 20]","[22, 44, 66, 88, 110, 132, 156, 180, 204, 224]",224.0,1,0,2.6666666666666665,0,Player_1,qwen-qwen3-235b-a22b-instruct-2507,neutral,0,"[2, 2, 2, 2, 2, 2, 4, 4, 4, 0]","[38, 36, 34, 32, 30, 28, 24, 20, 16, 16]",[],16.0,0,Player_2,scripted:always_4,neutral,0,"[4, 4, 4, 4, 4, 4, 4, 4, 4, 4]","[36, 32, 28, 24, 20, 16, 12, 8, 4, 0]",[],0.0,0,Player_3,scripted:always_4,neutral,0,"[4, 4, 4, 4, 4, 4, 4, 4, 4, 4]","[36, 32, 28, 24, 20, 16, 12, 8, 4, 0]",[],0.0,0,Player_4,scripted:always_4,neutral,0,"[4, 4, 4, 4, 4, 4, 4, 4, 4, 4]","[36, 32, 28, 24, 20, 16, 12, 8, 4, 0]",[],0.0,0,Player_5,scripted:always_4,neutral,0,"[4, 4, 4, 4, 4, 4, 4, 4, 4, 4]","[36, 32, 28, 24, 20, 16, 12, 8, 4, 0]",[],0.0,0,Player_6,scripted:always_4,neutral,0,"[4, 4, 4, 4, 4, 4, 4, 4, 4, 4]","[36, 32, 28, 24, 20, 16, 12, 8, 4, 0]",[],0.0,0
