kind,status,p,resident,entrant,entrant_seats,games,entrant_payoff,resident_table_payoff,selfplay_games,resident_selfplay,gap_selfplay,gap_table,initial_fitness_gap_N6,fixation_N6,initial_fitness_gap_N30,fixation_N30,omitted,N,beta,retained_models,mass_Haiku,mass_Flash-Lite,mass_Luna,mass_Qwen,mass_Grok,winner,winner_mass,target_rate,welfare,opt,uniform_target_rate,uniform_welfare_over_opt,stationary_residual,tree_max_error,welfare_over_opt,winner_changed
composition,ok,0.10000000000000001,Haiku,Flash-Lite,1,10,20.399999999999999,18.199999999999999,,,,,,,,,,,,,,,,,,,,,,,,,,,,
composition,ok,0.10000000000000001,Haiku,Flash-Lite,2,10,21.199999999999999,18.550000000000001,,,,,,,,,,,,,,,,,,,,,,,,,,,,
composition,ok,0.10000000000000001,Haiku,Flash-Lite,3,10,20.273333333333333,18.306666666666665,,,,,,,,,,,,,,,,,,,,,,,,,,,,
composition,ok,0.10000000000000001,Haiku,Flash-Lite,4,10,20,18.300000000000001,,,,,,,,,,,,,,,,,,,,,,,,,,,,
composition,ok,0.10000000000000001,Haiku,Flash-Lite,5,10,20.119999999999997,19,,,,,,,,,,,,,,,,,,,,,,,,,,,,
entrant,ok,0.10000000000000001,Haiku,Flash-Lite,1,10,20.399999999999999,18.199999999999999,20,18.966666666666661,1.4333333333333371,2.1999999999999993,2.1999999999999993,0.89286328317761698,1.5655172413793146,0.80090114296123693,,,,,,,,,,,,,,,,,,,,
composition,ok,0.10000000000000001,Haiku,Luna,1,10,22.199999999999999,18.400000000000002,,,,,,,,,,,,,,,,,,,,,,,,,,,,
composition,ok,0.10000000000000001,Haiku,Luna,2,10,20.670000000000002,17.984999999999999,,,,,,,,,,,,,,,,,,,,,,,,,,,,
composition,ok,0.10000000000000001,Haiku,Luna,3,10,20.826666666666668,17.473333333333333,,,,,,,,,,,,,,,,,,,,,,,,,,,,
composition,ok,0.10000000000000001,Haiku,Luna,4,10,20.539999999999999,17.169999999999998,,,,,,,,,,,,,,,,,,,,,,,,,,,,
composition,ok,0.10000000000000001,Haiku,Luna,5,10,19.155999999999999,18.020000000000003,,,,,,,,,,,,,,,,,,,,,,,,,,,,
entrant,ok,0.10000000000000001,Haiku,Luna,1,10,22.199999999999999,18.400000000000002,20,18.966666666666661,3.2333333333333378,3.7999999999999972,3.7999999999999972,0.97660758861295072,3.3310344827586249,0.963996094337076,,,,,,,,,,,,,,,,,,,,
composition,ok,0.10000000000000001,Haiku,Qwen,1,10,17.199999999999999,18.720000000000002,,,,,,,,,,,,,,,,,,,,,,,,,,,,
composition,ok,0.10000000000000001,Haiku,Qwen,2,10,17.890000000000001,18.149999999999999,,,,,,,,,,,,,,,,,,,,,,,,,,,,
composition,ok,0.10000000000000001,Haiku,Qwen,3,10,20.293333333333329,18.000000000000004,,,,,,,,,,,,,,,,,,,,,,,,,,,,
composition,ok,0.10000000000000001,Haiku,Qwen,4,10,19.089999999999996,18,,,,,,,,,,,,,,,,,,,,,,,,,,,,
composition,ok,0.10000000000000001,Haiku,Qwen,5,10,19.476000000000003,17.080000000000002,,,,,,,,,,,,,,,,,,,,,,,,,,,,
entrant,ok,0.10000000000000001,Haiku,Qwen,1,10,17.199999999999999,18.720000000000002,20,18.966666666666661,-1.7666666666666622,-1.5200000000000031,-1.5200000000000031,0.081167965620603633,-1.7241379310344804,0.00012139694908648434,,,,,,,,,,,,,,,,,,,,
composition,ok,0.10000000000000001,Haiku,Grok,1,10,14.6,19.560000000000002,,,,,,,,,,,,,,,,,,,,,,,,,,,,
composition,ok,0.10000000000000001,Haiku,Grok,2,10,12,20.100000000000001,,,,,,,,,,,,,,,,,,,,,,,,,,,,
composition,ok,0.10000000000000001,Haiku,Grok,3,10,14.333333333333334,20.266666666666669,,,,,,,,,,,,,,,,,,,,,,,,,,,,
composition,ok,0.10000000000000001,Haiku,Grok,4,10,10.449999999999999,21.5,,,,,,,,,,,,,,,,,,,,,,,,,,,,
composition,ok,0.10000000000000001,Haiku,Grok,5,10,10.600000000000001,23,,,,,,,,,,,,,,,,,,,,,,,,,,,,
entrant,ok,0.10000000000000001,Haiku,Grok,1,10,14.6,19.560000000000002,20,18.966666666666661,-4.3666666666666618,-4.9600000000000026,-4.9600000000000026,3.6905640849069211e-19,-4.468965517241374,3.1415001488528392e-114,,,,,,,,,,,,,,,,,,,,
composition,ok,0.10000000000000001,Flash-Lite,Haiku,1,10,19,20.119999999999997,,,,,,,,,,,,,,,,,,,,,,,,,,,,
composition,ok,0.10000000000000001,Flash-Lite,Haiku,2,10,18.300000000000001,20,,,,,,,,,,,,,,,,,,,,,,,,,,,,
composition,ok,0.10000000000000001,Flash-Lite,Haiku,3,10,18.306666666666665,20.273333333333333,,,,,,,,,,,,,,,,,,,,,,,,,,,,
composition,ok,0.10000000000000001,Flash-Lite,Haiku,4,10,18.550000000000001,21.199999999999999,,,,,,,,,,,,,,,,,,,,,,,,,,,,
composition,ok,0.10000000000000001,Flash-Lite,Haiku,5,10,18.199999999999999,20.399999999999999,,,,,,,,,,,,,,,,,,,,,,,,,,,,
entrant,ok,0.10000000000000001,Flash-Lite,Haiku,1,10,19,20.119999999999997,20,19.983333333333334,-0.98333333333333428,-1.1199999999999974,-1.1199999999999974,5.8295335590161403e-05,-1.0068965517241395,1.6281418289503293e-23,,,,,,,,,,,,,,,,,,,,
composition,ok,0.10000000000000001,Flash-Lite,Luna,1,10,20,19.960000000000001,,,,,,,,,,,,,,,,,,,,,,,,,,,,
composition,ok,0.10000000000000001,Flash-Lite,Luna,2,10,19.690000000000001,19.645,,,,,,,,,,,,,,,,,,,,,,,,,,,,
composition,ok,0.10000000000000001,Flash-Lite,Luna,3,10,19.859999999999999,19.600000000000001,,,,,,,,,,,,,,,,,,,,,,,,,,,,
composition,ok,0.10000000000000001,Flash-Lite,Luna,4,10,19.869999999999997,19.600000000000001,,,,,,,,,,,,,,,,,,,,,,,,,,,,
composition,ok,0.10000000000000001,Flash-Lite,Luna,5,10,19.672000000000004,19.600000000000001,,,,,,,,,,,,,,,,,,,,,,,,,,,,
entrant,ok,0.10000000000000001,Flash-Lite,Luna,1,10,20,19.960000000000001,20,19.983333333333334,0.016666666666665719,0.039999999999999147,0.039999999999999147,0.21592461159434165,0.020689655172411392,0.04820847222868764,,,,,,,,,,,,,,,,,,,,
composition,ok,0.10000000000000001,Flash-Lite,Qwen,1,10,19.32,18.708000000000006,,,,,,,,,,,,,,,,,,,,,,,,,,,,
composition,ok,0.10000000000000001,Flash-Lite,Qwen,2,10,19.800000000000004,18,,,,,,,,,,,,,,,,,,,,,,,,,,,,
composition,ok,0.10000000000000001,Flash-Lite,Qwen,3,10,19.520000000000003,18.199999999999999,,,,,,,,,,,,,,,,,,,,,,,,,,,,
composition,ok,0.10000000000000001,Flash-Lite,Qwen,4,10,19.620000000000001,18.09,,,,,,,,,,,,,,,,,,,,,,,,,,,,
composition,ok,0.10000000000000001,Flash-Lite,Qwen,5,10,19.547999999999998,18,,,,,,,,,,,,,,,,,,,,,,,,,,,,
entrant,ok,0.10000000000000001,Flash-Lite,Qwen,1,10,19.32,18.708000000000006,20,19.983333333333334,-0.663333333333334,0.61199999999999477,0.61199999999999477,0.60163635016346673,-0.44344827586207103,0.11738849707960852,,,,,,,,,,,,,,,,,,,,
composition,ok,0.10000000000000001,Flash-Lite,Grok,1,10,11.199999999999999,20.84,,,,,,,,,,,,,,,,,,,,,,,,,,,,
composition,ok,0.10000000000000001,Flash-Lite,Grok,2,10,14.6,20.850000000000001,,,,,,,,,,,,,,,,,,,,,,,,,,,,
composition,ok,0.10000000000000001,Flash-Lite,Grok,3,10,14,21.600000000000001,,,,,,,,,,,,,,,,,,,,,,,,,,,,
composition,ok,0.10000000000000001,Flash-Lite,Grok,4,10,12,22,,,,,,,,,,,,,,,,,,,,,,,,,,,,
composition,ok,0.10000000000000001,Flash-Lite,Grok,5,10,14.199999999999999,21.600000000000001,,,,,,,,,,,,,,,,,,,,,,,,,,,,
entrant,ok,0.10000000000000001,Flash-Lite,Grok,1,10,11.199999999999999,20.84,20,19.983333333333334,-8.783333333333335,-9.6400000000000006,-9.6400000000000006,1.7435453193656833e-18,-8.9310344827586228,1.2706507873877103e-112,,,,,,,,,,,,,,,,,,,,
composition,ok,0.10000000000000001,Luna,Haiku,1,10,18.020000000000003,19.155999999999999,,,,,,,,,,,,,,,,,,,,,,,,,,,,
composition,ok,0.10000000000000001,Luna,Haiku,2,10,17.169999999999998,20.539999999999999,,,,,,,,,,,,,,,,,,,,,,,,,,,,
composition,ok,0.10000000000000001,Luna,Haiku,3,10,17.473333333333333,20.826666666666668,,,,,,,,,,,,,,,,,,,,,,,,,,,,
composition,ok,0.10000000000000001,Luna,Haiku,4,10,17.984999999999999,20.670000000000002,,,,,,,,,,,,,,,,,,,,,,,,,,,,
composition,ok,0.10000000000000001,Luna,Haiku,5,10,18.400000000000002,22.199999999999999,,,,,,,,,,,,,,,,,,,,,,,,,,,,
entrant,ok,0.10000000000000001,Luna,Haiku,1,10,18.020000000000003,19.155999999999999,20,19.699999999999996,-1.6799999999999926,-1.1359999999999957,-1.1359999999999957,5.7551318975229763e-07,-1.5862068965517189,3.6460341145045072e-33,,,,,,,,,,,,,,,,,,,,
composition,ok,0.10000000000000001,Luna,Flash-Lite,1,10,19.600000000000001,19.672000000000004,,,,,,,,,,,,,,,,,,,,,,,,,,,,
composition,ok,0.10000000000000001,Luna,Flash-Lite,2,10,19.600000000000001,19.869999999999997,,,,,,,,,,,,,,,,,,,,,,,,,,,,
composition,ok,0.10000000000000001,Luna,Flash-Lite,3,10,19.600000000000001,19.859999999999999,,,,,,,,,,,,,,,,,,,,,,,,,,,,
composition,ok,0.10000000000000001,Luna,Flash-Lite,4,10,19.645,19.690000000000001,,,,,,,,,,,,,,,,,,,,,,,,,,,,
composition,ok,0.10000000000000001,Luna,Flash-Lite,5,10,19.960000000000001,20,,,,,,,,,,,,,,,,,,,,,,,,,,,,
entrant,ok,0.10000000000000001,Luna,Flash-Lite,1,10,19.600000000000001,19.672000000000004,20,19.699999999999996,-0.099999999999994316,-0.072000000000002728,-0.072000000000002728,0.10862801360130736,-0.09517241379310093,0.0048252768497103072,,,,,,,,,,,,,,,,,,,,
composition,ok,0.10000000000000001,Luna,Qwen,1,10,18.920000000000002,18.616000000000003,,,,,,,,,,,,,,,,,,,,,,,,,,,,
composition,ok,0.10000000000000001,Luna,Qwen,2,10,19.420000000000005,18.484999999999999,,,,,,,,,,,,,,,,,,,,,,,,,,,,
composition,ok,0.10000000000000001,Luna,Qwen,3,10,19.760000000000002,18.25333333333333,,,,,,,,,,,,,,,,,,,,,,,,,,,,
composition,ok,0.10000000000000001,Luna,Qwen,4,10,18.634999999999998,19.390000000000001,,,,,,,,,,,,,,,,,,,,,,,,,,,,
composition,ok,0.10000000000000001,Luna,Qwen,5,10,19.187999999999999,19.080000000000002,,,,,,,,,,,,,,,,,,,,,,,,,,,,
entrant,ok,0.10000000000000001,Luna,Qwen,1,10,18.920000000000002,18.616000000000003,20,19.699999999999996,-0.77999999999999403,0.30399999999999849,0.30399999999999849,0.42535738545729906,-0.59310344827585837,0.062441478413129844,,,,,,,,,,,,,,,,,,,,
composition,ok,0.10000000000000001,Luna,Grok,1,10,12,21.160000000000004,,,,,,,,,,,,,,,,,,,,,,,,,,,,
composition,ok,0.10000000000000001,Luna,Grok,2,10,12.699999999999999,22.75,,,,,,,,,,,,,,,,,,,,,,,,,,,,
composition,ok,0.10000000000000001,Luna,Grok,3,10,16.399999999999999,21.600000000000001,,,,,,,,,,,,,,,,,,,,,,,,,,,,
composition,ok,0.10000000000000001,Luna,Grok,4,10,12.550000000000001,25.300000000000001,,,,,,,,,,,,,,,,,,,,,,,,,,,,
composition,ok,0.10000000000000001,Luna,Grok,5,10,10.6,28.380000000000003,,,,,,,,,,,,,,,,,,,,,,,,,,,,
entrant,ok,0.10000000000000001,Luna,Grok,1,10,12,21.160000000000004,20,19.699999999999996,-7.6999999999999957,-9.1600000000000037,-9.1600000000000037,1.3799430260961933e-24,-7.9517241379310342,1.221911624485081e-142,,,,,,,,,,,,,,,,,,,,
composition,ok,0.10000000000000001,Qwen,Haiku,1,10,17.080000000000002,19.476000000000003,,,,,,,,,,,,,,,,,,,,,,,,,,,,
composition,ok,0.10000000000000001,Qwen,Haiku,2,10,18,19.089999999999996,,,,,,,,,,,,,,,,,,,,,,,,,,,,
composition,ok,0.10000000000000001,Qwen,Haiku,3,10,18.000000000000004,20.293333333333329,,,,,,,,,,,,,,,,,,,,,,,,,,,,
composition,ok,0.10000000000000001,Qwen,Haiku,4,10,18.149999999999999,17.890000000000001,,,,,,,,,,,,,,,,,,,,,,,,,,,,
composition,ok,0.10000000000000001,Qwen,Haiku,5,10,18.720000000000002,17.199999999999999,,,,,,,,,,,,,,,,,,,,,,,,,,,,
entrant,ok,0.10000000000000001,Qwen,Haiku,1,10,17.080000000000002,19.476000000000003,20,19.484999999999999,-2.4049999999999976,-2.3960000000000008,-2.3960000000000008,0.0014876345735105147,-2.4034482758620683,3.1573923814025125e-14,,,,,,,,,,,,,,,,,,,,
composition,ok,0.10000000000000001,Qwen,Flash-Lite,1,10,18,19.547999999999998,,,,,,,,,,,,,,,,,,,,,,,,,,,,
composition,ok,0.10000000000000001,Qwen,Flash-Lite,2,10,18.09,19.620000000000001,,,,,,,,,,,,,,,,,,,,,,,,,,,,
composition,ok,0.10000000000000001,Qwen,Flash-Lite,3,10,18.199999999999999,19.520000000000003,,,,,,,,,,,,,,,,,,,,,,,,,,,,
composition,ok,0.10000000000000001,Qwen,Flash-Lite,4,10,18,19.800000000000004,,,,,,,,,,,,,,,,,,,,,,,,,,,,
composition,ok,0.10000000000000001,Qwen,Flash-Lite,5,10,18.708000000000006,19.32,,,,,,,,,,,,,,,,,,,,,,,,,,,,
entrant,ok,0.10000000000000001,Qwen,Flash-Lite,1,10,18,19.547999999999998,20,19.484999999999999,-1.4849999999999994,-1.5479999999999983,-1.5479999999999983,0.00066342013168171942,-1.4958620689655149,1.404727552643441e-15,,,,,,,,,,,,,,,,,,,,
composition,ok,0.10000000000000001,Qwen,Luna,1,10,19.080000000000002,19.187999999999999,,,,,,,,,,,,,,,,,,,,,,,,,,,,
composition,ok,0.10000000000000001,Qwen,Luna,2,10,19.390000000000001,18.634999999999998,,,,,,,,,,,,,,,,,,,,,,,,,,,,
composition,ok,0.10000000000000001,Qwen,Luna,3,10,18.25333333333333,19.760000000000002,,,,,,,,,,,,,,,,,,,,,,,,,,,,
composition,ok,0.10000000000000001,Qwen,Luna,4,10,18.484999999999999,19.420000000000005,,,,,,,,,,,,,,,,,,,,,,,,,,,,
composition,ok,0.10000000000000001,Qwen,Luna,5,10,18.616000000000003,18.920000000000002,,,,,,,,,,,,,,,,,,,,,,,,,,,,
entrant,ok,0.10000000000000001,Qwen,Luna,1,10,19.080000000000002,19.187999999999999,20,19.484999999999999,-0.40499999999999758,-0.10799999999999699,-0.10799999999999699,0.052157242803136591,-0.35379310344827175,4.0904366238564327e-06,,,,,,,,,,,,,,,,,,,,
composition,ok,0.10000000000000001,Qwen,Grok,1,10,13.800000000000001,20.640000000000001,,,,,,,,,,,,,,,,,,,,,,,,,,,,
composition,ok,0.10000000000000001,Qwen,Grok,2,10,13.01,19.695,,,,,,,,,,,,,,,,,,,,,,,,,,,,
composition,ok,0.10000000000000001,Qwen,Grok,3,10,13.733333333333334,20.666666666666664,,,,,,,,,,,,,,,,,,,,,,,,,,,,
composition,ok,0.10000000000000001,Qwen,Grok,4,10,11.9,18.199999999999999,,,,,,,,,,,,,,,,,,,,,,,,,,,,
composition,ok,0.10000000000000001,Qwen,Grok,5,10,10.880000000000001,20,,,,,,,,,,,,,,,,,,,,,,,,,,,,
entrant,ok,0.10000000000000001,Qwen,Grok,1,10,13.800000000000001,20.640000000000001,20,19.484999999999999,-5.6849999999999987,-6.8399999999999999,-6.8399999999999999,2.6193298555141683e-16,-5.8841379310344806,7.1189316406183794e-101,,,,,,,,,,,,,,,,,,,,
composition,ok,0.10000000000000001,Grok,Haiku,1,10,23,10.600000000000001,,,,,,,,,,,,,,,,,,,,,,,,,,,,
composition,ok,0.10000000000000001,Grok,Haiku,2,10,21.5,10.449999999999999,,,,,,,,,,,,,,,,,,,,,,,,,,,,
composition,ok,0.10000000000000001,Grok,Haiku,3,10,20.266666666666669,14.333333333333334,,,,,,,,,,,,,,,,,,,,,,,,,,,,
composition,ok,0.10000000000000001,Grok,Haiku,4,10,20.100000000000001,12,,,,,,,,,,,,,,,,,,,,,,,,,,,,
composition,ok,0.10000000000000001,Grok,Haiku,5,10,19.560000000000002,14.6,,,,,,,,,,,,,,,,,,,,,,,,,,,,
entrant,ok,0.10000000000000001,Grok,Haiku,1,10,23,10.600000000000001,20,6.6833333333333327,16.316666666666666,12.399999999999999,12.399999999999999,0.99999588136264961,15.641379310344828,0.99999983892231947,,,,,,,,,,,,,,,,,,,,
composition,ok,0.10000000000000001,Grok,Flash-Lite,1,10,21.600000000000001,14.199999999999999,,,,,,,,,,,,,,,,,,,,,,,,,,,,
composition,ok,0.10000000000000001,Grok,Flash-Lite,2,10,22,12,,,,,,,,,,,,,,,,,,,,,,,,,,,,
composition,ok,0.10000000000000001,Grok,Flash-Lite,3,10,21.600000000000001,14,,,,,,,,,,,,,,,,,,,,,,,,,,,,
composition,ok,0.10000000000000001,Grok,Flash-Lite,4,10,20.850000000000001,14.6,,,,,,,,,,,,,,,,,,,,,,,,,,,,
composition,ok,0.10000000000000001,Grok,Flash-Lite,5,10,20.84,11.199999999999999,,,,,,,,,,,,,,,,,,,,,,,,,,,,
entrant,ok,0.10000000000000001,Grok,Flash-Lite,1,10,21.600000000000001,14.199999999999999,20,6.6833333333333327,14.916666666666668,7.4000000000000021,7.4000000000000021,0.99938909290973066,13.620689655172416,0.99999878490416494,,,,,,,,,,,,,,,,,,,,
composition,ok,0.10000000000000001,Grok,Luna,1,10,28.380000000000003,10.6,,,,,,,,,,,,,,,,,,,,,,,,,,,,
composition,ok,0.10000000000000001,Grok,Luna,2,10,25.300000000000001,12.550000000000001,,,,,,,,,,,,,,,,,,,,,,,,,,,,
composition,ok,0.10000000000000001,Grok,Luna,3,10,21.600000000000001,16.399999999999999,,,,,,,,,,,,,,,,,,,,,,,,,,,,
composition,ok,0.10000000000000001,Grok,Luna,4,10,22.75,12.699999999999999,,,,,,,,,,,,,,,,,,,,,,,,,,,,
composition,ok,0.10000000000000001,Grok,Luna,5,10,21.160000000000004,12,,,,,,,,,,,,,,,,,,,,,,,,,,,,
entrant,ok,0.10000000000000001,Grok,Luna,1,10,28.380000000000003,10.6,20,6.6833333333333327,21.696666666666669,17.780000000000001,17.780000000000001,0.99999998102222165,21.02137931034483,0.99999999925778293,,,,,,,,,,,,,,,,,,,,
composition,ok,0.10000000000000001,Grok,Qwen,1,10,20,10.880000000000001,,,,,,,,,,,,,,,,,,,,,,,,,,,,
composition,ok,0.10000000000000001,Grok,Qwen,2,10,18.199999999999999,11.9,,,,,,,,,,,,,,,,,,,,,,,,,,,,
composition,ok,0.10000000000000001,Grok,Qwen,3,10,20.666666666666664,13.733333333333334,,,,,,,,,,,,,,,,,,,,,,,,,,,,
composition,ok,0.10000000000000001,Grok,Qwen,4,10,19.695,13.01,,,,,,,,,,,,,,,,,,,,,,,,,,,,
composition,ok,0.10000000000000001,Grok,Qwen,5,10,20.640000000000001,13.800000000000001,,,,,,,,,,,,,,,,,,,,,,,,,,,,
entrant,ok,0.10000000000000001,Grok,Qwen,1,10,20,10.880000000000001,20,6.6833333333333327,13.316666666666666,9.1199999999999992,9.1199999999999992,0.99989035615744648,12.593103448275862,0.99999660463066264,,,,,,,,,,,,,,,,,,,,
composition,ok,0.5,Haiku,Flash-Lite,1,10,20.800000000000001,18.559999999999999,,,,,,,,,,,,,,,,,,,,,,,,,,,,
composition,ok,0.5,Haiku,Flash-Lite,2,10,20.5,18.600000000000001,,,,,,,,,,,,,,,,,,,,,,,,,,,,
composition,ok,0.5,Haiku,Flash-Lite,3,10,20.533333333333335,17.733333333333334,,,,,,,,,,,,,,,,,,,,,,,,,,,,
composition,ok,0.5,Haiku,Flash-Lite,4,10,19.800000000000001,18.300000000000001,,,,,,,,,,,,,,,,,,,,,,,,,,,,
composition,ok,0.5,Haiku,Flash-Lite,5,10,20.039999999999999,19.399999999999999,,,,,,,,,,,,,,,,,,,,,,,,,,,,
entrant,ok,0.5,Haiku,Flash-Lite,1,10,20.800000000000001,18.559999999999999,20,18.750000000000004,2.0499999999999972,2.240000000000002,2.240000000000002,0.8899333960119995,2.0827586206896527,0.87498219646572217,,,,,,,,,,,,,,,,,,,,
composition,ok,0.5,Haiku,Luna,1,10,21.399999999999999,17.380000000000003,,,,,,,,,,,,,,,,,,,,,,,,,,,,
composition,ok,0.5,Haiku,Luna,2,10,20.600000000000001,17.324999999999999,,,,,,,,,,,,,,,,,,,,,,,,,,,,
composition,ok,0.5,Haiku,Luna,3,10,17.333333333333332,13.966666666666665,,,,,,,,,,,,,,,,,,,,,,,,,,,,
composition,ok,0.5,Haiku,Luna,4,10,16.899999999999999,14.050000000000001,,,,,,,,,,,,,,,,,,,,,,,,,,,,
composition,ok,0.5,Haiku,Luna,5,10,16.140000000000001,14.9,,,,,,,,,,,,,,,,,,,,,,,,,,,,
entrant,ok,0.5,Haiku,Luna,1,10,21.399999999999999,17.380000000000003,20,18.750000000000004,2.649999999999995,4.019999999999996,4.019999999999996,0.98168464768673058,2.8862068965517196,0.94440743892797197,,,,,,,,,,,,,,,,,,,,
composition,ok,0.5,Haiku,Qwen,1,10,20.600000000000001,18.759999999999998,,,,,,,,,,,,,,,,,,,,,,,,,,,,
composition,ok,0.5,Haiku,Qwen,2,10,15.85,18.550000000000001,,,,,,,,,,,,,,,,,,,,,,,,,,,,
composition,ok,0.5,Haiku,Qwen,3,10,17.700000000000003,15.5,,,,,,,,,,,,,,,,,,,,,,,,,,,,
composition,ok,0.5,Haiku,Qwen,4,10,16.225000000000001,17.5,,,,,,,,,,,,,,,,,,,,,,,,,,,,
composition,ok,0.5,Haiku,Qwen,5,10,13.819999999999999,11.800000000000001,,,,,,,,,,,,,,,,,,,,,,,,,,,,
entrant,ok,0.5,Haiku,Qwen,1,10,20.600000000000001,18.759999999999998,20,18.750000000000004,1.8499999999999979,1.8400000000000034,1.8400000000000034,0.20638989845948982,1.8482758620689665,2.6025416118051022e-10,,,,,,,,,,,,,,,,,,,,
composition,ok,0.5,Haiku,Grok,1,10,14.800000000000001,18.920000000000002,,,,,,,,,,,,,,,,,,,,,,,,,,,,
composition,ok,0.5,Haiku,Grok,2,10,12.699999999999999,19.899999999999999,,,,,,,,,,,,,,,,,,,,,,,,,,,,
composition,ok,0.5,Haiku,Grok,3,10,13.199999999999999,20.93333333333333,,,,,,,,,,,,,,,,,,,,,,,,,,,,
composition,ok,0.5,Haiku,Grok,4,10,11.449999999999999,21,,,,,,,,,,,,,,,,,,,,,,,,,,,,
composition,ok,0.5,Haiku,Grok,5,10,7.1199999999999992,24.399999999999999,,,,,,,,,,,,,,,,,,,,,,,,,,,,
entrant,ok,0.5,Haiku,Grok,1,10,14.800000000000001,18.920000000000002,20,18.750000000000004,-3.9500000000000028,-4.120000000000001,-4.120000000000001,1.1833725975020348e-20,-3.9793103448275886,1.0325670680539825e-122,,,,,,,,,,,,,,,,,,,,
composition,ok,0.5,Flash-Lite,Haiku,1,10,19.399999999999999,20.039999999999999,,,,,,,,,,,,,,,,,,,,,,,,,,,,
composition,ok,0.5,Flash-Lite,Haiku,2,10,18.300000000000001,19.800000000000001,,,,,,,,,,,,,,,,,,,,,,,,,,,,
composition,ok,0.5,Flash-Lite,Haiku,3,10,17.733333333333334,20.533333333333335,,,,,,,,,,,,,,,,,,,,,,,,,,,,
composition,ok,0.5,Flash-Lite,Haiku,4,10,18.600000000000001,20.5,,,,,,,,,,,,,,,,,,,,,,,,,,,,
composition,ok,0.5,Flash-Lite,Haiku,5,10,18.559999999999999,20.800000000000001,,,,,,,,,,,,,,,,,,,,,,,,,,,,
entrant,ok,0.5,Flash-Lite,Haiku,1,10,19.399999999999999,20.039999999999999,20,20,-0.60000000000000142,-0.64000000000000057,-0.64000000000000057,0.00010138264300316342,-0.60689655172414092,1.1312467081907666e-22,,,,,,,,,,,,,,,,,,,,
composition,ok,0.5,Flash-Lite,Luna,1,10,20,20,,,,,,,,,,,,,,,,,,,,,,,,,,,,
composition,ok,0.5,Flash-Lite,Luna,2,10,18.100000000000001,18,,,,,,,,,,,,,,,,,,,,,,,,,,,,
composition,ok,0.5,Flash-Lite,Luna,3,10,19.066666666666666,19,,,,,,,,,,,,,,,,,,,,,,,,,,,,
composition,ok,0.5,Flash-Lite,Luna,4,10,19,18.949999999999999,,,,,,,,,,,,,,,,,,,,,,,,,,,,
composition,ok,0.5,Flash-Lite,Luna,5,10,19.039999999999999,18.899999999999999,,,,,,,,,,,,,,,,,,,,,,,,,,,,
entrant,ok,0.5,Flash-Lite,Luna,1,10,20,20,20,20,0,0,0,0.19023981257880404,0,0.00016407460819171135,,,,,,,,,,,,,,,,,,,,
composition,ok,0.5,Flash-Lite,Qwen,1,10,14.4,13.959999999999999,,,,,,,,,,,,,,,,,,,,,,,,,,,,
composition,ok,0.5,Flash-Lite,Qwen,2,10,10.85,10,,,,,,,,,,,,,,,,,,,,,,,,,,,,
composition,ok,0.5,Flash-Lite,Qwen,3,10,10.866666666666667,10,,,,,,,,,,,,,,,,,,,,,,,,,,,,
composition,ok,0.5,Flash-Lite,Qwen,4,10,10.975,10,,,,,,,,,,,,,,,,,,,,,,,,,,,,
composition,ok,0.5,Flash-Lite,Qwen,5,10,10.580000000000002,10,,,,,,,,,,,,,,,,,,,,,,,,,,,,
entrant,ok,0.5,Flash-Lite,Qwen,1,10,14.4,13.959999999999999,20,20,-5.5999999999999996,0.44000000000000128,0.44000000000000128,0.47548875893500703,-4.5586206896551733,9.3791461083282613e-14,,,,,,,,,,,,,,,,,,,,
composition,ok,0.5,Flash-Lite,Grok,1,10,15.199999999999999,20.359999999999999,,,,,,,,,,,,,,,,,,,,,,,,,,,,
composition,ok,0.5,Flash-Lite,Grok,2,10,13.1,20.75,,,,,,,,,,,,,,,,,,,,,,,,,,,,
composition,ok,0.5,Flash-Lite,Grok,3,10,14.666666666666668,21.133333333333333,,,,,,,,,,,,,,,,,,,,,,,,,,,,
composition,ok,0.5,Flash-Lite,Grok,4,10,8.3499999999999996,23.699999999999999,,,,,,,,,,,,,,,,,,,,,,,,,,,,
composition,ok,0.5,Flash-Lite,Grok,5,10,8.2400000000000002,25,,,,,,,,,,,,,,,,,,,,,,,,,,,,
entrant,ok,0.5,Flash-Lite,Grok,1,10,15.199999999999999,20.359999999999999,20,20,-4.8000000000000007,-5.1600000000000001,-5.1600000000000001,4.8200794897092834e-23,-4.862068965517242,7.80026519673622e-137,,,,,,,,,,,,,,,,,,,,
composition,ok,0.5,Luna,Haiku,1,10,14.9,16.140000000000001,,,,,,,,,,,,,,,,,,,,,,,,,,,,
composition,ok,0.5,Luna,Haiku,2,10,14.050000000000001,16.899999999999999,,,,,,,,,,,,,,,,,,,,,,,,,,,,
composition,ok,0.5,Luna,Haiku,3,10,13.966666666666665,17.333333333333332,,,,,,,,,,,,,,,,,,,,,,,,,,,,
composition,ok,0.5,Luna,Haiku,4,10,17.324999999999999,20.600000000000001,,,,,,,,,,,,,,,,,,,,,,,,,,,,
composition,ok,0.5,Luna,Haiku,5,10,17.380000000000003,21.399999999999999,,,,,,,,,,,,,,,,,,,,,,,,,,,,
entrant,ok,0.5,Luna,Haiku,1,10,14.9,16.140000000000001,20,17.524999999999999,-2.6249999999999982,-1.2400000000000002,-1.2400000000000002,3.8495021543808507e-07,-2.3862068965517249,1.175885945399898e-30,,,,,,,,,,,,,,,,,,,,
composition,ok,0.5,Luna,Flash-Lite,1,10,18.899999999999999,19.039999999999999,,,,,,,,,,,,,,,,,,,,,,,,,,,,
composition,ok,0.5,Luna,Flash-Lite,2,10,18.949999999999999,19,,,,,,,,,,,,,,,,,,,,,,,,,,,,
composition,ok,0.5,Luna,Flash-Lite,3,10,19,19.066666666666666,,,,,,,,,,,,,,,,,,,,,,,,,,,,
composition,ok,0.5,Luna,Flash-Lite,4,10,18,18.100000000000001,,,,,,,,,,,,,,,,,,,,,,,,,,,,
composition,ok,0.5,Luna,Flash-Lite,5,10,20,20,,,,,,,,,,,,,,,,,,,,,,,,,,,,
entrant,ok,0.5,Luna,Flash-Lite,1,10,18.899999999999999,19.039999999999999,20,17.524999999999999,1.375,-0.14000000000000057,-0.14000000000000057,0.13316897107640491,1.1137931034482769,0.54962302825552711,,,,,,,,,,,,,,,,,,,,
composition,ok,0.5,Luna,Qwen,1,10,13.300000000000001,14.059999999999999,,,,,,,,,,,,,,,,,,,,,,,,,,,,
composition,ok,0.5,Luna,Qwen,2,10,10.6,10.35,,,,,,,,,,,,,,,,,,,,,,,,,,,,
composition,ok,0.5,Luna,Qwen,3,10,10.666666666666668,10.433333333333334,,,,,,,,,,,,,,,,,,,,,,,,,,,,
composition,ok,0.5,Luna,Qwen,4,10,10.9,10.15,,,,,,,,,,,,,,,,,,,,,,,,,,,,
composition,ok,0.5,Luna,Qwen,5,10,10.66,10.5,,,,,,,,,,,,,,,,,,,,,,,,,,,,
entrant,ok,0.5,Luna,Qwen,1,10,13.300000000000001,14.059999999999999,20,17.524999999999999,-4.2249999999999979,-0.75999999999999801,-0.75999999999999801,0.13743747312465818,-3.6275862068965488,8.119274978436962e-14,,,,,,,,,,,,,,,,,,,,
composition,ok,0.5,Luna,Grok,1,10,11.5,16.719999999999995,,,,,,,,,,,,,,,,,,,,,,,,,,,,
composition,ok,0.5,Luna,Grok,2,10,13.800000000000001,21.199999999999999,,,,,,,,,,,,,,,,,,,,,,,,,,,,
composition,ok,0.5,Luna,Grok,3,10,9.1999999999999993,26.800000000000001,,,,,,,,,,,,,,,,,,,,,,,,,,,,
composition,ok,0.5,Luna,Grok,4,10,6.7999999999999998,29.300000000000001,,,,,,,,,,,,,,,,,,,,,,,,,,,,
composition,ok,0.5,Luna,Grok,5,10,8.4000000000000004,29.199999999999999,,,,,,,,,,,,,,,,,,,,,,,,,,,,
entrant,ok,0.5,Luna,Grok,1,10,11.5,16.719999999999995,20,17.524999999999999,-6.0249999999999986,-5.2199999999999953,-5.2199999999999953,1.1767106661226247e-32,-5.8862068965517231,1.348037824946927e-180,,,,,,,,,,,,,,,,,,,,
composition,ok,0.5,Qwen,Haiku,1,10,11.800000000000001,13.819999999999999,,,,,,,,,,,,,,,,,,,,,,,,,,,,
composition,ok,0.5,Qwen,Haiku,2,10,17.5,16.225000000000001,,,,,,,,,,,,,,,,,,,,,,,,,,,,
composition,ok,0.5,Qwen,Haiku,3,10,15.5,17.700000000000003,,,,,,,,,,,,,,,,,,,,,,,,,,,,
composition,ok,0.5,Qwen,Haiku,4,10,18.550000000000001,15.85,,,,,,,,,,,,,,,,,,,,,,,,,,,,
composition,ok,0.5,Qwen,Haiku,5,10,18.759999999999998,20.600000000000001,,,,,,,,,,,,,,,,,,,,,,,,,,,,
entrant,ok,0.5,Qwen,Haiku,1,10,11.800000000000001,13.819999999999999,20,10.791666666666668,1.0083333333333329,-2.0199999999999978,-2.0199999999999978,0.025655733908806693,0.48620689655172455,0.51631972357100109,,,,,,,,,,,,,,,,,,,,
composition,ok,0.5,Qwen,Flash-Lite,1,10,10,10.580000000000002,,,,,,,,,,,,,,,,,,,,,,,,,,,,
composition,ok,0.5,Qwen,Flash-Lite,2,10,10,10.975,,,,,,,,,,,,,,,,,,,,,,,,,,,,
composition,ok,0.5,Qwen,Flash-Lite,3,10,10,10.866666666666667,,,,,,,,,,,,,,,,,,,,,,,,,,,,
composition,ok,0.5,Qwen,Flash-Lite,4,10,10,10.85,,,,,,,,,,,,,,,,,,,,,,,,,,,,
composition,ok,0.5,Qwen,Flash-Lite,5,10,13.959999999999999,14.4,,,,,,,,,,,,,,,,,,,,,,,,,,,,
entrant,ok,0.5,Qwen,Flash-Lite,1,10,10,10.580000000000002,20,10.791666666666668,-0.79166666666666785,-0.58000000000000185,-0.58000000000000185,0.011619405339642477,-0.75517241379310462,8.107649361757039e-06,,,,,,,,,,,,,,,,,,,,
composition,ok,0.5,Qwen,Luna,1,10,10.5,10.66,,,,,,,,,,,,,,,,,,,,,,,,,,,,
composition,ok,0.5,Qwen,Luna,2,10,10.15,10.9,,,,,,,,,,,,,,,,,,,,,,,,,,,,
composition,ok,0.5,Qwen,Luna,3,10,10.433333333333334,10.666666666666668,,,,,,,,,,,,,,,,,,,,,,,,,,,,
composition,ok,0.5,Qwen,Luna,4,10,10.35,10.6,,,,,,,,,,,,,,,,,,,,,,,,,,,,
composition,ok,0.5,Qwen,Luna,5,10,14.059999999999999,13.300000000000001,,,,,,,,,,,,,,,,,,,,,,,,,,,,
entrant,ok,0.5,Qwen,Luna,1,10,10.5,10.66,20,10.791666666666668,-0.29166666666666785,-0.16000000000000014,-0.16000000000000014,0.072954483970662384,-0.26896551724138007,0.001703136422352633,,,,,,,,,,,,,,,,,,,,
composition,ok,0.5,Qwen,Grok,1,10,13.4,19.719999999999999,,,,,,,,,,,,,,,,,,,,,,,,,,,,
composition,ok,0.5,Qwen,Grok,2,10,10.6,17,,,,,,,,,,,,,,,,,,,,,,,,,,,,
composition,ok,0.5,Qwen,Grok,3,10,10.066666666666666,18.800000000000001,,,,,,,,,,,,,,,,,,,,,,,,,,,,
composition,ok,0.5,Qwen,Grok,4,10,13.35,16.100000000000001,,,,,,,,,,,,,,,,,,,,,,,,,,,,
composition,ok,0.5,Qwen,Grok,5,10,4.6800000000000006,19,,,,,,,,,,,,,,,,,,,,,,,,,,,,
entrant,ok,0.5,Qwen,Grok,1,10,13.4,19.719999999999999,20,10.791666666666668,2.6083333333333325,-6.3199999999999985,-6.3199999999999985,1.8600671796143854e-17,1.068965517241379,6.6220965147618472e-93,,,,,,,,,,,,,,,,,,,,
composition,ok,0.5,Grok,Haiku,1,10,24.399999999999999,7.1199999999999992,,,,,,,,,,,,,,,,,,,,,,,,,,,,
composition,ok,0.5,Grok,Haiku,2,10,21,11.449999999999999,,,,,,,,,,,,,,,,,,,,,,,,,,,,
composition,ok,0.5,Grok,Haiku,3,10,20.93333333333333,13.199999999999999,,,,,,,,,,,,,,,,,,,,,,,,,,,,
composition,ok,0.5,Grok,Haiku,4,10,19.899999999999999,12.699999999999999,,,,,,,,,,,,,,,,,,,,,,,,,,,,
composition,ok,0.5,Grok,Haiku,5,10,18.920000000000002,14.800000000000001,,,,,,,,,,,,,,,,,,,,,,,,,,,,
entrant,ok,0.5,Grok,Haiku,1,10,24.399999999999999,7.1199999999999992,20,5.8833333333333329,18.516666666666666,17.280000000000001,17.280000000000001,0.99999996870879604,18.303448275862067,0.999999988756192,,,,,,,,,,,,,,,,,,,,
composition,ok,0.5,Grok,Flash-Lite,1,10,25,8.2400000000000002,,,,,,,,,,,,,,,,,,,,,,,,,,,,
composition,ok,0.5,Grok,Flash-Lite,2,10,23.699999999999999,8.3499999999999996,,,,,,,,,,,,,,,,,,,,,,,,,,,,
composition,ok,0.5,Grok,Flash-Lite,3,10,21.133333333333333,14.666666666666668,,,,,,,,,,,,,,,,,,,,,,,,,,,,
composition,ok,0.5,Grok,Flash-Lite,4,10,20.75,13.1,,,,,,,,,,,,,,,,,,,,,,,,,,,,
composition,ok,0.5,Grok,Flash-Lite,5,10,20.359999999999999,15.199999999999999,,,,,,,,,,,,,,,,,,,,,,,,,,,,
entrant,ok,0.5,Grok,Flash-Lite,1,10,25,8.2400000000000002,20,5.8833333333333329,19.116666666666667,16.759999999999998,16.759999999999998,0.99999994737106834,18.710344827586205,0.99999999251485028,,,,,,,,,,,,,,,,,,,,
composition,ok,0.5,Grok,Luna,1,10,29.199999999999999,8.4000000000000004,,,,,,,,,,,,,,,,,,,,,,,,,,,,
composition,ok,0.5,Grok,Luna,2,10,29.300000000000001,6.7999999999999998,,,,,,,,,,,,,,,,,,,,,,,,,,,,
composition,ok,0.5,Grok,Luna,3,10,26.800000000000001,9.1999999999999993,,,,,,,,,,,,,,,,,,,,,,,,,,,,
composition,ok,0.5,Grok,Luna,4,10,21.199999999999999,13.800000000000001,,,,,,,,,,,,,,,,,,,,,,,,,,,,
composition,ok,0.5,Grok,Luna,5,10,16.719999999999995,11.5,,,,,,,,,,,,,,,,,,,,,,,,,,,,
entrant,ok,0.5,Grok,Luna,1,10,29.199999999999999,8.4000000000000004,20,5.8833333333333329,23.316666666666666,20.799999999999997,20.799999999999997,0.99999999907386394,22.882758620689657,0.99999999988461641,,,,,,,,,,,,,,,,,,,,
composition,ok,0.5,Grok,Qwen,1,10,19,4.6800000000000006,,,,,,,,,,,,,,,,,,,,,,,,,,,,
composition,ok,0.5,Grok,Qwen,2,10,16.100000000000001,13.35,,,,,,,,,,,,,,,,,,,,,,,,,,,,
composition,ok,0.5,Grok,Qwen,3,10,18.800000000000001,10.066666666666666,,,,,,,,,,,,,,,,,,,,,,,,,,,,
composition,ok,0.5,Grok,Qwen,4,10,17,10.6,,,,,,,,,,,,,,,,,,,,,,,,,,,,
composition,ok,0.5,Grok,Qwen,5,10,19.719999999999999,13.4,,,,,,,,,,,,,,,,,,,,,,,,,,,,
entrant,ok,0.5,Grok,Qwen,1,10,19,4.6800000000000006,20,5.8833333333333329,13.116666666666667,14.32,14.32,0.99999935757988079,13.324137931034482,0.99999836543978704,,,,,,,,,,,,,,,,,,,,
composition,ok,0.90000000000000002,Haiku,Flash-Lite,1,10,21.199999999999999,18.999999999999996,,,,,,,,,,,,,,,,,,,,,,,,,,,,
composition,ok,0.90000000000000002,Haiku,Flash-Lite,2,10,20.300000000000001,18.5,,,,,,,,,,,,,,,,,,,,,,,,,,,,
composition,ok,0.90000000000000002,Haiku,Flash-Lite,3,10,20.333333333333336,17.600000000000001,,,,,,,,,,,,,,,,,,,,,,,,,,,,
composition,ok,0.90000000000000002,Haiku,Flash-Lite,4,10,19.850000000000001,18.600000000000001,,,,,,,,,,,,,,,,,,,,,,,,,,,,
composition,ok,0.90000000000000002,Haiku,Flash-Lite,5,10,19.919999999999998,18.800000000000001,,,,,,,,,,,,,,,,,,,,,,,,,,,,
entrant,ok,0.90000000000000002,Haiku,Flash-Lite,1,10,21.199999999999999,18.999999999999996,20,18.850000000000001,2.3499999999999979,2.2000000000000028,2.2000000000000028,0.88435959226787908,2.3241379310344819,0.90017397687420608,,,,,,,,,,,,,,,,,,,,
composition,ok,0.90000000000000002,Haiku,Luna,1,10,21,18.600000000000001,,,,,,,,,,,,,,,,,,,,,,,,,,,,
composition,ok,0.90000000000000002,Haiku,Luna,2,10,21.199999999999999,18.199999999999999,,,,,,,,,,,,,,,,,,,,,,,,,,,,
composition,ok,0.90000000000000002,Haiku,Luna,3,10,20.733333333333334,18.066666666666666,,,,,,,,,,,,,,,,,,,,,,,,,,,,
composition,ok,0.90000000000000002,Haiku,Luna,4,10,11.41,10.050000000000001,,,,,,,,,,,,,,,,,,,,,,,,,,,,
composition,ok,0.90000000000000002,Haiku,Luna,5,10,12.952000000000002,11.18,,,,,,,,,,,,,,,,,,,,,,,,,,,,
entrant,ok,0.90000000000000002,Haiku,Luna,1,10,21,18.600000000000001,20,18.850000000000001,2.1499999999999986,2.3999999999999986,2.3999999999999986,0.91270638672430926,2.1931034482758598,0.88947141824612153,,,,,,,,,,,,,,,,,,,,
composition,ok,0.90000000000000002,Haiku,Qwen,1,10,20.800000000000001,18.640000000000004,,,,,,,,,,,,,,,,,,,,,,,,,,,,
composition,ok,0.90000000000000002,Haiku,Qwen,2,10,17.699999999999999,19.100000000000001,,,,,,,,,,,,,,,,,,,,,,,,,,,,
composition,ok,0.90000000000000002,Haiku,Qwen,3,10,18.620000000000005,16.399999999999999,,,,,,,,,,,,,,,,,,,,,,,,,,,,
composition,ok,0.90000000000000002,Haiku,Qwen,4,10,14.675000000000001,15.5,,,,,,,,,,,,,,,,,,,,,,,,,,,,
composition,ok,0.90000000000000002,Haiku,Qwen,5,10,5.847999999999999,4.7199999999999998,,,,,,,,,,,,,,,,,,,,,,,,,,,,
entrant,ok,0.90000000000000002,Haiku,Qwen,1,10,20.800000000000001,18.640000000000004,20,18.850000000000001,1.9499999999999993,2.1599999999999966,2.1599999999999966,0.55953349248495698,1.986206896551721,1.1246107268431242e-22,,,,,,,,,,,,,,,,,,,,
composition,ok,0.90000000000000002,Haiku,Grok,1,10,14.800000000000001,18.879999999999999,,,,,,,,,,,,,,,,,,,,,,,,,,,,
composition,ok,0.90000000000000002,Haiku,Grok,2,10,7.7999999999999998,21.550000000000001,,,,,,,,,,,,,,,,,,,,,,,,,,,,
composition,ok,0.90000000000000002,Haiku,Grok,3,10,10.866666666666665,20.600000000000001,,,,,,,,,,,,,,,,,,,,,,,,,,,,
composition,ok,0.90000000000000002,Haiku,Grok,4,10,13.15,20.399999999999999,,,,,,,,,,,,,,,,,,,,,,,,,,,,
composition,ok,0.90000000000000002,Haiku,Grok,5,10,2.0800000000000001,24.399999999999999,,,,,,,,,,,,,,,,,,,,,,,,,,,,
entrant,ok,0.90000000000000002,Haiku,Grok,1,10,14.800000000000001,18.879999999999999,20,18.850000000000001,-4.0500000000000007,-4.0799999999999983,-4.0799999999999983,1.5392480089905298e-25,-4.0551724137931053,5.4494747493965274e-153,,,,,,,,,,,,,,,,,,,,
composition,ok,0.90000000000000002,Flash-Lite,Haiku,1,10,18.800000000000001,19.919999999999998,,,,,,,,,,,,,,,,,,,,,,,,,,,,
composition,ok,0.90000000000000002,Flash-Lite,Haiku,2,10,18.600000000000001,19.850000000000001,,,,,,,,,,,,,,,,,,,,,,,,,,,,
composition,ok,0.90000000000000002,Flash-Lite,Haiku,3,10,17.600000000000001,20.333333333333336,,,,,,,,,,,,,,,,,,,,,,,,,,,,
composition,ok,0.90000000000000002,Flash-Lite,Haiku,4,10,18.5,20.300000000000001,,,,,,,,,,,,,,,,,,,,,,,,,,,,
composition,ok,0.90000000000000002,Flash-Lite,Haiku,5,10,18.999999999999996,21.199999999999999,,,,,,,,,,,,,,,,,,,,,,,,,,,,
entrant,ok,0.90000000000000002,Flash-Lite,Haiku,1,10,18.800000000000001,19.919999999999998,20,20,-1.1999999999999993,-1.1199999999999974,-1.1199999999999974,9.8424101120886599e-05,-1.1862068965517238,1.5450220042804352e-22,,,,,,,,,,,,,,,,,,,,
composition,ok,0.90000000000000002,Flash-Lite,Luna,1,10,19.800000000000001,20,,,,,,,,,,,,,,,,,,,,,,,,,,,,
composition,ok,0.90000000000000002,Flash-Lite,Luna,2,10,20,19.949999999999999,,,,,,,,,,,,,,,,,,,,,,,,,,,,
composition,ok,0.90000000000000002,Flash-Lite,Luna,3,10,20,19.93333333333333,,,,,,,,,,,,,,,,,,,,,,,,,,,,
composition,ok,0.90000000000000002,Flash-Lite,Luna,4,10,18.205000000000002,18.100000000000001,,,,,,,,,,,,,,,,,,,,,,,,,,,,
composition,ok,0.90000000000000002,Flash-Lite,Luna,5,10,19.919999999999998,19.800000000000001,,,,,,,,,,,,,,,,,,,,,,,,,,,,
entrant,ok,0.90000000000000002,Flash-Lite,Luna,1,10,19.800000000000001,20,20,20,-0.19999999999999929,-0.19999999999999929,-0.19999999999999929,0.15831256707584898,-0.19999999999999929,1.1189271198781254e-06,,,,,,,,,,,,,,,,,,,,
composition,ok,0.90000000000000002,Flash-Lite,Qwen,1,10,9.5199999999999996,9.1600000000000001,,,,,,,,,,,,,,,,,,,,,,,,,,,,
composition,ok,0.90000000000000002,Flash-Lite,Qwen,2,10,2.1999999999999993,1.9999999999999996,,,,,,,,,,,,,,,,,,,,,,,,,,,,
composition,ok,0.90000000000000002,Flash-Lite,Qwen,3,10,3.7266666666666666,3.8066666666666662,,,,,,,,,,,,,,,,,,,,,,,,,,,,
composition,ok,0.90000000000000002,Flash-Lite,Qwen,4,10,2.1699999999999995,2.0099999999999993,,,,,,,,,,,,,,,,,,,,,,,,,,,,
composition,ok,0.90000000000000002,Flash-Lite,Qwen,5,10,2.1799999999999993,1.9999999999999996,,,,,,,,,,,,,,,,,,,,,,,,,,,,
entrant,ok,0.90000000000000002,Flash-Lite,Qwen,1,10,9.5199999999999996,9.1600000000000001,20,20,-10.48,0.35999999999999943,0.35999999999999943,0.259376939326661,-8.6110344827586225,4.1376958196579214e-31,,,,,,,,,,,,,,,,,,,,
composition,ok,0.90000000000000002,Flash-Lite,Grok,1,10,17.199999999999999,20.199999999999999,,,,,,,,,,,,,,,,,,,,,,,,,,,,
composition,ok,0.90000000000000002,Flash-Lite,Grok,2,10,12,21.25,,,,,,,,,,,,,,,,,,,,,,,,,,,,
composition,ok,0.90000000000000002,Flash-Lite,Grok,3,10,7.4000000000000012,23.533333333333335,,,,,,,,,,,,,,,,,,,,,,,,,,,,
composition,ok,0.90000000000000002,Flash-Lite,Grok,4,10,5.5,25.5,,,,,,,,,,,,,,,,,,,,,,,,,,,,
composition,ok,0.90000000000000002,Flash-Lite,Grok,5,10,1.24,29.600000000000001,,,,,,,,,,,,,,,,,,,,,,,,,,,,
entrant,ok,0.90000000000000002,Flash-Lite,Grok,1,10,17.199999999999999,20.199999999999999,20,20,-2.8000000000000007,-3,-3,4.685908569431884e-34,-2.8344827586206911,1.4322738980338408e-197,,,,,,,,,,,,,,,,,,,,
composition,ok,0.90000000000000002,Luna,Haiku,1,10,11.18,12.952000000000002,,,,,,,,,,,,,,,,,,,,,,,,,,,,
composition,ok,0.90000000000000002,Luna,Haiku,2,10,10.050000000000001,11.41,,,,,,,,,,,,,,,,,,,,,,,,,,,,
composition,ok,0.90000000000000002,Luna,Haiku,3,10,18.066666666666666,20.733333333333334,,,,,,,,,,,,,,,,,,,,,,,,,,,,
composition,ok,0.90000000000000002,Luna,Haiku,4,10,18.199999999999999,21.199999999999999,,,,,,,,,,,,,,,,,,,,,,,,,,,,
composition,ok,0.90000000000000002,Luna,Haiku,5,10,18.600000000000001,21,,,,,,,,,,,,,,,,,,,,,,,,,,,,
entrant,ok,0.90000000000000002,Luna,Haiku,1,10,11.18,12.952000000000002,20,16.414999999999999,-5.2349999999999994,-1.772000000000002,-1.772000000000002,1.2497177882643886e-05,-4.637931034482758,7.2705047243403863e-21,,,,,,,,,,,,,,,,,,,,
composition,ok,0.90000000000000002,Luna,Flash-Lite,1,10,19.800000000000001,19.919999999999998,,,,,,,,,,,,,,,,,,,,,,,,,,,,
composition,ok,0.90000000000000002,Luna,Flash-Lite,2,10,18.100000000000001,18.205000000000002,,,,,,,,,,,,,,,,,,,,,,,,,,,,
composition,ok,0.90000000000000002,Luna,Flash-Lite,3,10,19.93333333333333,20,,,,,,,,,,,,,,,,,,,,,,,,,,,,
composition,ok,0.90000000000000002,Luna,Flash-Lite,4,10,19.949999999999999,20,,,,,,,,,,,,,,,,,,,,,,,,,,,,
composition,ok,0.90000000000000002,Luna,Flash-Lite,5,10,20,19.800000000000001,,,,,,,,,,,,,,,,,,,,,,,,,,,,
entrant,ok,0.90000000000000002,Luna,Flash-Lite,1,10,19.800000000000001,19.919999999999998,20,16.414999999999999,3.3850000000000016,-0.11999999999999744,-0.11999999999999744,0.13740114111168017,2.7806896551724165,0.93102086201406686,,,,,,,,,,,,,,,,,,,,
composition,ok,0.90000000000000002,Luna,Qwen,1,10,7.2599999999999998,7.4719999999999995,,,,,,,,,,,,,,,,,,,,,,,,,,,,
composition,ok,0.90000000000000002,Luna,Qwen,2,10,3.7799999999999998,3.7049999999999996,,,,,,,,,,,,,,,,,,,,,,,,,,,,
composition,ok,0.90000000000000002,Luna,Qwen,3,10,2.1533333333333329,2.0266666666666664,,,,,,,,,,,,,,,,,,,,,,,,,,,,
composition,ok,0.90000000000000002,Luna,Qwen,4,10,3.9999999999999991,3.6600000000000001,,,,,,,,,,,,,,,,,,,,,,,,,,,,
composition,ok,0.90000000000000002,Luna,Qwen,5,10,3.9599999999999995,3.7999999999999998,,,,,,,,,,,,,,,,,,,,,,,,,,,,
entrant,ok,0.90000000000000002,Luna,Qwen,1,10,7.2599999999999998,7.4719999999999995,20,16.414999999999999,-9.1549999999999994,-0.21199999999999974,-0.21199999999999974,0.17466159777044948,-7.6131034482758615,1.0093206263703739e-24,,,,,,,,,,,,,,,,,,,,
composition,ok,0.90000000000000002,Luna,Grok,1,10,7.4000000000000004,15.616000000000003,,,,,,,,,,,,,,,,,,,,,,,,,,,,
composition,ok,0.90000000000000002,Luna,Grok,2,10,11.699999999999999,21.949999999999999,,,,,,,,,,,,,,,,,,,,,,,,,,,,
composition,ok,0.90000000000000002,Luna,Grok,3,10,5.4666666666666668,28.733333333333331,,,,,,,,,,,,,,,,,,,,,,,,,,,,
composition,ok,0.90000000000000002,Luna,Grok,4,10,6.2000000000000002,29.399999999999999,,,,,,,,,,,,,,,,,,,,,,,,,,,,
composition,ok,0.90000000000000002,Luna,Grok,5,10,5.7999999999999998,30.600000000000001,,,,,,,,,,,,,,,,,,,,,,,,,,,,
entrant,ok,0.90000000000000002,Luna,Grok,1,10,7.4000000000000004,15.616000000000003,20,16.414999999999999,-9.0149999999999988,-8.2160000000000029,-8.2160000000000029,1.0705279736401194e-39,-8.8772413793103429,1.5060174239944216e-219,,,,,,,,,,,,,,,,,,,,
composition,ok,0.90000000000000002,Qwen,Haiku,1,10,4.7199999999999998,5.847999999999999,,,,,,,,,,,,,,,,,,,,,,,,,,,,
composition,ok,0.90000000000000002,Qwen,Haiku,2,10,15.5,14.675000000000001,,,,,,,,,,,,,,,,,,,,,,,,,,,,
composition,ok,0.90000000000000002,Qwen,Haiku,3,10,16.399999999999999,18.620000000000005,,,,,,,,,,,,,,,,,,,,,,,,,,,,
composition,ok,0.90000000000000002,Qwen,Haiku,4,10,19.100000000000001,17.699999999999999,,,,,,,,,,,,,,,,,,,,,,,,,,,,
composition,ok,0.90000000000000002,Qwen,Haiku,5,10,18.640000000000004,20.800000000000001,,,,,,,,,,,,,,,,,,,,,,,,,,,,
entrant,ok,0.90000000000000002,Qwen,Haiku,1,10,4.7199999999999998,5.847999999999999,20,2.1466666666666656,2.5733333333333341,-1.1279999999999992,-1.1279999999999992,0.0209912017871394,1.9351724137931043,0.86840094102990606,,,,,,,,,,,,,,,,,,,,
composition,ok,0.90000000000000002,Qwen,Flash-Lite,1,10,1.9999999999999996,2.1799999999999993,,,,,,,,,,,,,,,,,,,,,,,,,,,,
composition,ok,0.90000000000000002,Qwen,Flash-Lite,2,10,2.0099999999999993,2.1699999999999995,,,,,,,,,,,,,,,,,,,,,,,,,,,,
composition,ok,0.90000000000000002,Qwen,Flash-Lite,3,10,3.8066666666666662,3.7266666666666666,,,,,,,,,,,,,,,,,,,,,,,,,,,,
composition,ok,0.90000000000000002,Qwen,Flash-Lite,4,10,1.9999999999999996,2.1999999999999993,,,,,,,,,,,,,,,,,,,,,,,,,,,,
composition,ok,0.90000000000000002,Qwen,Flash-Lite,5,10,9.1600000000000001,9.5199999999999996,,,,,,,,,,,,,,,,,,,,,,,,,,,,
entrant,ok,0.90000000000000002,Qwen,Flash-Lite,1,10,1.9999999999999996,2.1799999999999993,20,2.1466666666666656,-0.14666666666666606,-0.17999999999999972,-0.17999999999999972,0.11423781452834353,-0.15241379310344749,0.07088719403299526,,,,,,,,,,,,,,,,,,,,
composition,ok,0.90000000000000002,Qwen,Luna,1,10,3.7999999999999998,3.9599999999999995,,,,,,,,,,,,,,,,,,,,,,,,,,,,
composition,ok,0.90000000000000002,Qwen,Luna,2,10,3.6600000000000001,3.9999999999999991,,,,,,,,,,,,,,,,,,,,,,,,,,,,
composition,ok,0.90000000000000002,Qwen,Luna,3,10,2.0266666666666664,2.1533333333333329,,,,,,,,,,,,,,,,,,,,,,,,,,,,
composition,ok,0.90000000000000002,Qwen,Luna,4,10,3.7049999999999996,3.7799999999999998,,,,,,,,,,,,,,,,,,,,,,,,,,,,
composition,ok,0.90000000000000002,Qwen,Luna,5,10,7.4719999999999995,7.2599999999999998,,,,,,,,,,,,,,,,,,,,,,,,,,,,
entrant,ok,0.90000000000000002,Qwen,Luna,1,10,3.7999999999999998,3.9599999999999995,20,2.1466666666666656,1.6533333333333342,-0.1599999999999997,-0.1599999999999997,0.10703797822478066,1.3406896551724148,0.53378359525486263,,,,,,,,,,,,,,,,,,,,
composition,ok,0.90000000000000002,Qwen,Grok,1,10,8.7800000000000011,13.459999999999999,,,,,,,,,,,,,,,,,,,,,,,,,,,,
composition,ok,0.90000000000000002,Qwen,Grok,2,10,6.2000000000000002,18.850000000000001,,,,,,,,,,,,,,,,,,,,,,,,,,,,
composition,ok,0.90000000000000002,Qwen,Grok,3,10,11.666666666666668,20.06666666666667,,,,,,,,,,,,,,,,,,,,,,,,,,,,
composition,ok,0.90000000000000002,Qwen,Grok,4,10,8.1500000000000004,15.5,,,,,,,,,,,,,,,,,,,,,,,,,,,,
composition,ok,0.90000000000000002,Qwen,Grok,5,10,3.4799999999999995,18.600000000000001,,,,,,,,,,,,,,,,,,,,,,,,,,,,
entrant,ok,0.90000000000000002,Qwen,Grok,1,10,8.7800000000000011,13.459999999999999,20,2.1466666666666656,6.6333333333333355,-4.6799999999999979,-4.6799999999999979,1.1668253459461291e-21,4.6827586206896576,1.4174359048902888e-104,,,,,,,,,,,,,,,,,,,,
composition,ok,0.90000000000000002,Grok,Haiku,1,10,24.399999999999999,2.0800000000000001,,,,,,,,,,,,,,,,,,,,,,,,,,,,
composition,ok,0.90000000000000002,Grok,Haiku,2,10,20.399999999999999,13.15,,,,,,,,,,,,,,,,,,,,,,,,,,,,
composition,ok,0.90000000000000002,Grok,Haiku,3,10,20.600000000000001,10.866666666666665,,,,,,,,,,,,,,,,,,,,,,,,,,,,
composition,ok,0.90000000000000002,Grok,Haiku,4,10,21.550000000000001,7.7999999999999998,,,,,,,,,,,,,,,,,,,,,,,,,,,,
composition,ok,0.90000000000000002,Grok,Haiku,5,10,18.879999999999999,14.800000000000001,,,,,,,,,,,,,,,,,,,,,,,,,,,,
entrant,ok,0.90000000000000002,Grok,Haiku,1,10,24.399999999999999,2.0800000000000001,20,2.6166666666666667,21.783333333333331,22.32,22.32,0.99999999979729914,21.875862068965517,0.99999999968418418,,,,,,,,,,,,,,,,,,,,
composition,ok,0.90000000000000002,Grok,Flash-Lite,1,10,29.600000000000001,1.24,,,,,,,,,,,,,,,,,,,,,,,,,,,,
composition,ok,0.90000000000000002,Grok,Flash-Lite,2,10,25.5,5.5,,,,,,,,,,,,,,,,,,,,,,,,,,,,
composition,ok,0.90000000000000002,Grok,Flash-Lite,3,10,23.533333333333335,7.4000000000000012,,,,,,,,,,,,,,,,,,,,,,,,,,,,
composition,ok,0.90000000000000002,Grok,Flash-Lite,4,10,21.25,12,,,,,,,,,,,,,,,,,,,,,,,,,,,,
composition,ok,0.90000000000000002,Grok,Flash-Lite,5,10,20.199999999999999,17.199999999999999,,,,,,,,,,,,,,,,,,,,,,,,,,,,
entrant,ok,0.90000000000000002,Grok,Flash-Lite,1,10,29.600000000000001,1.24,20,2.6166666666666667,26.983333333333334,28.360000000000003,28.360000000000003,0.99999999999951761,27.220689655172414,0.99999999999849265,,,,,,,,,,,,,,,,,,,,
composition,ok,0.90000000000000002,Grok,Luna,1,10,30.600000000000001,5.7999999999999998,,,,,,,,,,,,,,,,,,,,,,,,,,,,
composition,ok,0.90000000000000002,Grok,Luna,2,10,29.399999999999999,6.2000000000000002,,,,,,,,,,,,,,,,,,,,,,,,,,,,
composition,ok,0.90000000000000002,Grok,Luna,3,10,28.733333333333331,5.4666666666666668,,,,,,,,,,,,,,,,,,,,,,,,,,,,
composition,ok,0.90000000000000002,Grok,Luna,4,10,21.949999999999999,11.699999999999999,,,,,,,,,,,,,,,,,,,,,,,,,,,,
composition,ok,0.90000000000000002,Grok,Luna,5,10,15.616000000000003,7.4000000000000004,,,,,,,,,,,,,,,,,,,,,,,,,,,,
entrant,ok,0.90000000000000002,Grok,Luna,1,10,30.600000000000001,5.7999999999999998,20,2.6166666666666667,27.983333333333334,24.800000000000001,24.800000000000001,0.99999999998303724,27.434482758620693,0.99999999999878286,,,,,,,,,,,,,,,,,,,,
composition,ok,0.90000000000000002,Grok,Qwen,1,10,18.600000000000001,3.4799999999999995,,,,,,,,,,,,,,,,,,,,,,,,,,,,
composition,ok,0.90000000000000002,Grok,Qwen,2,10,15.5,8.1500000000000004,,,,,,,,,,,,,,,,,,,,,,,,,,,,
composition,ok,0.90000000000000002,Grok,Qwen,3,10,20.06666666666667,11.666666666666668,,,,,,,,,,,,,,,,,,,,,,,,,,,,
composition,ok,0.90000000000000002,Grok,Qwen,4,10,18.850000000000001,6.2000000000000002,,,,,,,,,,,,,,,,,,,,,,,,,,,,
composition,ok,0.90000000000000002,Grok,Qwen,5,10,13.459999999999999,8.7800000000000011,,,,,,,,,,,,,,,,,,,,,,,,,,,,
entrant,ok,0.90000000000000002,Grok,Qwen,1,10,18.600000000000001,3.4799999999999995,20,2.6166666666666667,15.983333333333334,15.120000000000001,15.120000000000001,0.99999972851467245,15.834482758620691,0.99999986720810086,,,,,,,,,,,,,,,,,,,,
ranking,ok,0.10000000000000001,,,,,,,,,,,,,,,none,6,1,Haiku|Flash-Lite|Luna|Qwen|Grok,0.00068027452240768224,0.013948801929112478,0.093953968548809885,0.89141695499967,5.8389597556130544e-17,Qwen,0.89141695499967,0.089792251290568129,19.511798647238557,36,0.76000000000000001,0.47121296296296289,3.1918911957973251e-16,9.7144514654701197e-16,0.5419944068677377,False
ranking,ok,0.5,,,,,,,,,,,,,,,none,6,1,Haiku|Flash-Lite|Luna|Qwen|Grok,0.0081333855559774845,0.074201447954491684,0.25919180816918042,0.65847335832035037,3.0620372190907313e-18,Qwen,0.65847335832035037,0.27672868963735447,13.284891368303079,20,0.75,0.72949999999999993,6.0715321659188248e-17,7.2164496600635175e-16,0.66424456841515389,False
ranking,ok,0.90000000000000002,,,,,,,,,,,,,,,none,6,1,Haiku|Flash-Lite|Luna|Qwen|Grok,0.0042000081987504509,0.2335165347021548,0.29203387600554731,0.47024958109354753,1.371749534743072e-22,Qwen,0.47024958109354753,0.4713436437053431,10.552706023968081,20,0.76000000000000001,0.60028333333333328,3.5995512126518747e-16,1.3600232051658168e-15,0.52763530119840407,False
ranking,ok,0.10000000000000001,,,,,,,,,,,,,,,none,30,1,Haiku|Flash-Lite|Luna|Qwen|Grok,1.791298780685885e-14,1.8095755264512377e-06,6.2102179141843323e-05,0.99993608824531377,5.6855540701511545e-100,Qwen,0.99993608824531377,5.1491318857838887e-05,19.48501425374031,36,0.76000000000000001,0.47121296296296289,1.1102230246251565e-16,1.7763568394002505e-15,0.54125039593723079,False
ranking,ok,0.5,,,,,,,,,,,,,,,none,30,1,Haiku|Flash-Lite|Luna|Qwen|Grok,5.1229832397844042e-14,0.99970156701109969,0.00029843298866808095,1.8104651475185818e-13,0,Flash-Lite,0.99970156701109969,0.99992539175265194,19.999261378351317,20,0.75,0.72949999999999993,4.4408920985006262e-16,3.219646771412954e-15,0.99996306891756581,False
ranking,ok,0.90000000000000002,,,,,,,,,,,,,,,none,30,1,Haiku|Flash-Lite|Luna|Qwen|Grok,0,0.99999879817325255,1.2018267475243562e-06,0,9.5670651044966242e-127,Flash-Lite,0.99999879817325255,0.9999997596346506,19.999995691451112,20,0.76000000000000001,0.60028333333333328,2.2204460492503131e-16,7.7715611723760958e-16,0.99999978457255556,False
ranking,ok,0.10000000000000001,,,,,,,,,,,,,,,Haiku,6,1,Flash-Lite|Luna|Qwen|Grok,,0.013032685094906899,0.092625186212300037,0.89434212869279295,7.8112237468598571e-17,Qwen,0.89434212869279295,0.08713283406474702,19.511409036441268,36,0.69999999999999996,0.45730324074074069,4.4408920985006262e-16,1.8873791418627661e-15,0.5419835843455908,False
ranking,ok,0.5,,,,,,,,,,,,,,,Haiku,6,1,Flash-Lite|Luna|Qwen|Grok,,0.058866126315934839,0.23244382696392915,0.70869004672013602,4.3940389532571164e-18,Qwen,0.70869004672013602,0.23319899653888171,12.89884734804969,20,0.6875,0.67749999999999999,3.1918911957973251e-16,1.2975731600306517e-15,0.64494236740248456,False
ranking,ok,0.90000000000000002,,,,,,,,,,,,,,,Haiku,6,1,Flash-Lite|Luna|Qwen|Grok,,0.22709356156239399,0.28318278251559759,0.48972365592200839,1.9047400865117654e-22,Qwen,0.48972365592200839,0.45363978757487211,10.241590054287325,20,0.69999999999999996,0.51472916666666668,1.1102230246251565e-16,5.2735593669694936e-16,0.51207950271436631,False
ranking,ok,0.10000000000000001,,,,,,,,,,,,,,,Haiku,30,1,Flash-Lite|Luna|Qwen|Grok,,1.8095754309063793e-06,6.210217880355994e-05,0.99993608824576552,7.661700125721006e-100,Qwen,0.99993608824576552,5.1491318473754332e-05,19.4850142537402,36,0.69999999999999996,0.45730324074074069,3.3306690738754696e-16,1.4321877017664519e-14,0.54125039593722779,False
ranking,ok,0.5,,,,,,,,,,,,,,,Haiku,30,1,Flash-Lite|Luna|Qwen|Grok,,0.99970156695645884,0.0002984329887344956,5.4806735495699561e-11,6.6016470739944308e-103,Flash-Lite,0.99970156695645884,0.99992539169800976,19.999261377848203,20,0.6875,0.67749999999999999,2.4627652348008233e-16,1.4432899320127035e-15,0.99996306889241016,False
ranking,ok,0.90000000000000002,,,,,,,,,,,,,,,Haiku,30,1,Flash-Lite|Luna|Qwen|Grok,,0.99999879817325188,1.2018267482224018e-06,4.4442514831658968e-31,1.5383889181498484e-197,Flash-Lite,0.99999879817325188,0.99999975963465049,19.999995691451108,20,0.69999999999999996,0.51472916666666668,1.1102230246251565e-16,1.1102230246251565e-16,0.99999978457255545,False
ranking,ok,0.10000000000000001,,,,,,,,,,,,,,,Flash-Lite,6,1,Haiku|Luna|Qwen|Grok,0.0012476754008266238,,0.1116417997533805,0.88711052484579289,7.7457594047187909e-17,Qwen,0.88711052484579289,0.090561115203531106,19.508356275197546,36,0.69999999999999996,0.45024305555555549,3.5626883387873676e-16,1.8873791418627661e-15,0.54189878542215408,False
ranking,ok,0.5,,,,,,,,,,,,,,,Flash-Lite,6,1,Haiku|Luna|Qwen|Grok,0.012653155582057958,,0.40140618851988552,0.58594065589805655,3.6330140057734125e-18,Qwen,0.58594065589805655,0.3137077969719721,13.595166365874441,20,0.6875,0.6618750000000001,5.5511151231257827e-17,3.3306690738754696e-16,0.67975831829372202,False
ranking,ok,0.90000000000000002,,,,,,,,,,,,,,,Flash-Lite,6,1,Haiku|Luna|Qwen|Grok,0.0083826922805858798,,0.4039289026263892,0.587688405093025,2.2857702633031971e-22,Qwen,0.587688405093025,0.33152581438169726,8.0500777957009149,20,0.69999999999999996,0.50035416666666666,3.3306690738754696e-16,3.1086244689504383e-15,0.40250388978504575,False
ranking,ok,0.10000000000000001,,,,,,,,,,,,,,,Flash-Lite,30,1,Haiku|Luna|Qwen|Grok,3.2049378106392135e-14,,6.550403382301885e-05,0.99993449596614492,1.4354597064533873e-103,Qwen,0.99993449596614492,5.2403227090464461e-05,19.485014083367254,36,0.69999999999999996,0.45024305555555549,4.4408920985006262e-16,2.3092638912203256e-14,0.54125039120464591,False
ranking,ok,0.5,,,,,,,,,,,,,,,Flash-Lite,30,1,Haiku|Luna|Qwen|Grok,8.551277469572454e-14,,0.99999999999975775,1.5673584329399677e-13,3.5227746600271254e-102,Luna,0.99999999999975775,0.74999999999990385,17.524999999999046,20,0.6875,0.6618750000000001,1.1102230246251565e-16,1.767316817444812e-16,0.87624999999995234,True
ranking,ok,0.90000000000000002,,,,,,,,,,,,,,,Flash-Lite,30,1,Haiku|Luna|Qwen|Grok,0,,1,1.2643584760268692e-22,6.1266440243149322e-153,Luna,1,0.80000000000000004,16.414999999999999,20,0.69999999999999996,0.50035416666666666,2.4601005777928244e-21,8.1746638145362795e-21,0.82074999999999998,True
ranking,ok,0.10000000000000001,,,,,,,,,,,,,,,Luna,6,1,Haiku|Flash-Lite|Qwen|Grok,0.0015200548617940078,0.0033528444067279415,,0.99512710073147803,8.6908666461950245e-17,Qwen,0.99512710073147803,0.0048728992685220362,19.485882939025988,36,0.75,0.4522106481481481,2.5240226575462543e-16,7.0516509298457208e-16,0.54127452608405524,False
ranking,ok,0.5,,,,,,,,,,,,,,,Luna,6,1,Haiku|Flash-Lite|Qwen|Grok,0.021442879932887966,0.062504905697490745,,0.91605221436962125,5.6798158250168018e-18,Qwen,0.91605221436962125,0.083947785630378718,11.537882259430294,20,0.75,0.69281250000000005,2.2204460492503131e-16,1.0269562977782698e-15,0.57689411297151472,False
ranking,ok,0.90000000000000002,,,,,,,,,,,,,,,Luna,6,1,Haiku|Flash-Lite|Qwen|Grok,0.0096851633024412648,0.32564163344222358,,0.66467320325533519,2.5851970045111526e-22,Qwen,0.66467320325533519,0.33532679674466487,8.1222298067502745,20,0.75,0.54516666666666669,2.4286128663675299e-16,7.7715611723760958e-16,0.4061114903375137,False
ranking,ok,0.10000000000000001,,,,,,,,,,,,,,,Luna,30,1,Haiku|Flash-Lite|Qwen|Grok,3.9100241289798769e-14,2.7107364002386725e-13,,0.9999999999996898,9.1907789393788013e-104,Qwen,0.9999999999996898,3.10173881313666e-13,19.485000000000113,36,0.75,0.4522106481481481,3.3306690738754696e-16,1.021405182655144e-14,0.54125000000000312,False
ranking,ok,0.5,,,,,,,,,,,,,,,Luna,30,1,Haiku|Flash-Lite|Qwen|Grok,1.0697086362837311e-13,0.99999999999971134,,1.8165098884886251e-13,3.8147706866438096e-102,Flash-Lite,0.99999999999971134,0.99999999999981837,19.999999999998195,20,0.75,0.69281250000000005,1.1102230246251565e-16,2.198755806051241e-16,0.99999999999990974,False
ranking,ok,0.90000000000000002,,,,,,,,,,,,,,,Luna,30,1,Haiku|Flash-Lite|Qwen|Grok,0,1,,1.2493259700177735e-22,6.053801697666783e-153,Flash-Lite,1,1,20,20,0.75,0.54516666666666669,8.7664595076565662e-23,1.7163593347486564e-22,1,False
ranking,ok,0.10000000000000001,,,,,,,,,,,,,,,Qwen,6,1,Haiku|Flash-Lite|Luna|Grok,1.0640652815582079e-05,0.33466636981512943,0.66532298953205504,,1.9454349356496411e-19,Luna,0.66532298953205504,0.8669354020935891,19.794814334968887,36,0.94999999999999996,0.45370370370370366,3.3306690738754696e-16,2.7755575615628914e-15,0.54985595374913576,True
ranking,ok,0.5,,,,,,,,,,,,,,,Qwen,6,1,Haiku|Flash-Lite|Luna|Grok,2.2421612100631405e-05,0.41169011928985627,0.58828745909804314,,6.703040930057646e-24,Luna,0.58828745909804314,0.85292813522548927,18.543960511717216,20,0.9375,0.77697916666666667,1.1431895469322939e-16,1.8318273330500401e-16,0.92719802558586084,True
ranking,ok,0.90000000000000002,,,,,,,,,,,,,,,Qwen,6,1,Haiku|Flash-Lite|Luna|Grok,2.9167072486472927e-05,0.46456149935349195,0.53540933357402165,,1.4965845051957675e-30,Luna,0.53540933357402165,0.89291813328519576,18.080523997003773,20,0.94999999999999996,0.72352083333333339,4.3281350725621337e-16,7.2253265653507426e-16,0.90402619985018862,True
ranking,ok,0.10000000000000001,,,,,,,,,,,,,,,Qwen,30,1,Haiku|Flash-Lite|Luna|Grok,4.0235951143839984e-16,0.090985022434995941,0.9090149775650036,,9.8834987911963886e-112,Luna,0.9090149775650036,0.81819700448699928,19.725779089689908,36,0.94999999999999996,0.45370370370370366,2.3670772955232185e-16,6.106226635438361e-15,0.54793830804694188,True
ranking,ok,0.5,,,,,,,,,,,,,,,Qwen,30,1,Haiku|Flash-Lite|Luna|Grok,2.7177629919458599e-17,0.99970156701141666,0.00029843298858337901,,0,Flash-Lite,0.99970156701141666,0.99992539175285422,19.999261378353257,20,0.9375,0.77697916666666667,3.3306690738754696e-16,9.9920072216264089e-16,0.99996306891766285,False
ranking,ok,0.90000000000000002,,,,,,,,,,,,,,,Qwen,30,1,Haiku|Flash-Lite|Luna|Grok,3.6764651786743302e-16,0.99999879817325144,1.2018267481972171e-06,,0,Flash-Lite,0.99999879817325144,0.99999975963465038,19.999995691451108,20,0.94999999999999996,0.72352083333333339,2.1931891440757402e-16,3.6764643153147338e-16,0.99999978457255545,False
ranking,ok,0.10000000000000001,,,,,,,,,,,,,,,Grok,6,1,Haiku|Flash-Lite|Luna|Qwen,0.00068027452240714361,0.013948801929113601,0.093953968548808345,0.89141695499967089,,Qwen,0.89141695499967089,0.089792251290567421,19.51179864723855,36,0.69999999999999996,0.54260416666666655,1.1275702593849246e-16,3.920475055707584e-16,0.54199440686773748,False
ranking,ok,0.5,,,,,,,,,,,,,,,Grok,6,1,Haiku|Flash-Lite|Luna|Qwen,0.0081333855559772017,0.074201447954491406,0.25919180816918103,0.65847335832035037,,Qwen,0.65847335832035037,0.27672868963735436,13.284891368303079,20,0.6875,0.83833333333333326,1.1449174941446927e-16,4.4408920985006262e-16,0.66424456841515389,False
ranking,ok,0.90000000000000002,,,,,,,,,,,,,,,Grok,6,1,Haiku|Flash-Lite|Luna|Qwen,0.0042000081987498073,0.23351653470215564,0.29203387600554792,0.4702495810935467,,Qwen,0.4702495810935467,0.47134364370534376,10.552706023968094,20,0.69999999999999996,0.71764583333333332,8.3266726846886741e-17,4.9960036108132044e-16,0.52763530119840474,False
ranking,ok,0.10000000000000001,,,,,,,,,,,,,,,Grok,30,1,Haiku|Flash-Lite|Luna|Qwen,1.7933784619327947e-14,1.8095755281842883e-06,6.2102179149374666e-05,0.99993608824530456,,Qwen,0.99993608824530456,5.1491318865617808e-05,19.48501425374031,36,0.69999999999999996,0.54260416666666655,1.2380233557068854e-16,7.4384942649885488e-15,0.54125039593723079,False
ranking,ok,0.5,,,,,,,,,,,,,,,Grok,30,1,Haiku|Flash-Lite|Luna|Qwen,5.1420075807278752e-14,0.99970156701109536,0.00029843298867225122,1.8104651475254069e-13,,Flash-Lite,0.99970156701109536,0.99992539175265094,19.999261378351306,20,0.6875,0.83833333333333326,2.2204460492503131e-16,1.1102230246251565e-15,0.99996306891756537,False
ranking,ok,0.90000000000000002,,,,,,,,,,,,,,,Grok,30,1,Haiku|Flash-Lite|Luna|Qwen,3.6764651786743302e-16,0.99999879817325144,1.2018267481972171e-06,0,,Flash-Lite,0.99999879817325144,0.99999975963465038,19.999995691451108,20,0.69999999999999996,0.71764583333333332,2.1931891440757402e-16,3.6764643153147284e-16,0.99999978457255545,False
